"","data","ano","mes","tipo","descrição","valor"
"1",2015-01-02,"2015","Jan","telefonia","02-01 tim aline",18
"2",2015-01-05,"2015","Jan","educação","inglês ",300
"3",2015-01-10,"2015","Jan","transporte","sem parar",30
"4",2015-01-10,"2015","Jan","pagamentos","banco",41
"5",2015-01-10,"2015","Jan","moradia","gás",20
"6",2015-01-12,"2015","Jan","telefonia","vivo ",70
"7",2015-01-12,"2015","Jan","telefonia","12-01 tim aline",18
"8",2015-01-12,"2015","Jan","moradia","luz",70
"9",2015-01-15,"2015","Jan","saúde","convênio ",228
"10",2015-01-15,"2015","Jan","educação","kung fu",120
"11",2015-01-16,"2015","Jan","lazer","almoço ",16
"12",2015-01-16,"2015","Jan","fast food","padaria ",16
"13",2015-01-18,"2015","Jan","fast food","sobremesa ",22
"14",2015-01-20,"2015","Jan","seguros","azul seguros (3/4)",350
"15",2015-01-23,"2015","Jan","lazer","almoço ",16
"16",2015-01-25,"2015","Jan","telefonia","tim ",70
"17",2015-01-25,"2015","Jan","pet","vet (2/4)",140
"18",2015-01-25,"2015","Jan","presentes","controle ru  (2/4)",67.5
"19",2015-01-25,"2015","Jan","equipamentos","extra - gpu (2/4)",128
"20",2015-01-25,"2015","Jan","terceiros","exames lau (2/2)",51.5
"21",2015-01-25,"2015","Jan","saúde","exames aline (2/2)",86
"22",2015-01-25,"2015","Jan","terceiros","passagem doni (2/3)",65
"23",2015-01-25,"2015","Jan","investimento","catho (2/2)",40
"24",2015-01-25,"2015","Jan","roupa","markas (2/2)",80
"25",2015-01-25,"2015","Jan","corolla","ricardo - corolla (2/3)",133.33
"26",2015-01-25,"2015","Jan","investimento","pic",82
"27",2015-01-25,"2015","Jan","roupa","roupas aline (1/3)",90
"28",2015-01-25,"2015","Jan","alimentação","feira ",215
"29",2015-01-25,"2015","Jan","fast food","pizza ",25
"30",2015-01-25,"2015","Jan","pet","consulta puka",100
"31",2015-01-25,"2015","Jan","roupa","sapatos aline  (1/3)",80
"32",2015-01-25,"2015","Jan","transporte","gasolina ",150
"33",2015-01-25,"2015","Jan","pet","bebedor puka",25
"34",2015-01-25,"2015","Jan","pet","tapete cão ",56
"35",2015-01-25,"2015","Jan","beleza","norma  (1/3)",107.33
"36",2015-01-25,"2015","Jan","saúde","farmácia ",26
"37",2015-01-25,"2015","Jan","fast food","pizza ",24
"38",2015-01-25,"2015","Jan","alimentação","cooperativa ",25
"39",2015-01-25,"2015","Jan","pet","24-12 banho e tosa ",31
"40",2015-01-25,"2015","Jan","alimentação","24-12 compras natal ",25
"41",2015-01-25,"2015","Jan","transporte","25-12 gasolina ",150
"42",2015-01-25,"2015","Jan","lazer","net flux ",17
"43",2015-01-25,"2015","Jan","fast food","26-12 pastel",24
"44",2015-01-25,"2015","Jan","alimentação","26-12 feira",50
"45",2015-01-25,"2015","Jan","alimentação","26-12 peixe",14
"46",2015-01-25,"2015","Jan","pet","26-12 vet",65
"47",2015-01-25,"2015","Jan","saúde","26-12 farmacia",83
"48",2015-01-25,"2015","Jan","steam","30-12 final fantasy ",15
"49",2015-01-25,"2015","Jan","alimentação","30-12 ceia ",193
"50",2015-01-25,"2015","Jan","telefonia","02-01 skype aline",35
"51",2015-01-25,"2015","Jan","alimentação","30-12 ceia ano novo",181
"52",2015-01-25,"2015","Jan","transporte","03-01 gasolina ",162
"53",2015-01-25,"2015","Jan","alimentação","04-01 compras ",402
"54",2015-01-25,"2015","Jan","alimentação","05-01 coop",18
"55",2015-01-25,"2015","Jan","terceiros","05-01 gas mãe",36
"56",2015-01-25,"2015","Jan","transporte","10-01 gas",130
"57",2015-01-25,"2015","Jan","alimentação","10-01 sacolao",195
"58",2015-01-25,"2015","Jan","fast food","10-01 pastel",16
"59",2015-01-25,"2015","Jan","fast food","09-01 pizza",22
"60",2015-01-25,"2015","Jan","pet","12-01 corrente puka",15
"61",2015-01-25,"2015","Jan","investimento","catho (1/6)",36
"62",2015-01-26,"2015","Jan","telefonia","26-01 tim aline",18
"63",2015-01-26,"2015","Jan","transporte","estacionamento",50
"64",2015-01-27,"2015","Jan","seguros","mafre",240
"65",2015-02-04,"2015","Feb","alimentação","01-02 gás",50
"66",2015-02-04,"2015","Feb","pagamentos","multa aline ",70
"67",2015-02-05,"2015","Feb","educação","inglês ",300
"68",2015-02-06,"2015","Feb","lazer","almoço ",17
"69",2015-02-09,"2015","Feb","telefonia","09-02 tim aline",18
"70",2015-02-10,"2015","Feb","pagamentos","banco",41
"71",2015-02-10,"2015","Feb","transporte","sem parar",30
"72",2015-02-10,"2015","Feb","moradia","gás",20
"73",2015-02-11,"2015","Feb","seguros","ajuste seguro corolla",90
"74",2015-02-12,"2015","Feb","moradia","luz",90
"75",2015-02-12,"2015","Feb","telefonia","vivo ",25
"76",2015-02-15,"2015","Feb","educação","kung fu",120
"77",2015-02-15,"2015","Feb","saúde","convênio ",228
"78",2015-02-16,"2015","Feb","moradia","vigia",45
"79",2015-02-16,"2015","Feb","pagamentos","14-02 saque",35
"80",2015-02-19,"2015","Feb","fast food","18-02 tim aline",18
"81",2015-02-26,"2015","Feb","pagamentos","ajuste perdas",48
"82",2015-02-26,"2015","Feb","telefonia","tim ",70
"83",2015-02-26,"2015","Feb","pet","vet (3/4)",140
"84",2015-02-26,"2015","Feb","presentes","controle ru  (3/4)",67.5
"85",2015-02-26,"2015","Feb","equipamentos","extra - gpu (3/4)",128
"86",2015-02-26,"2015","Feb","terceiros","passagem doni (3/3)",65
"87",2015-02-26,"2015","Feb","corolla","ricardo - corolla (3/3)",133.33
"88",2015-02-26,"2015","Feb","investimento","pic",82
"89",2015-02-26,"2015","Feb","roupa","roupas aline (2/3)",90
"90",2015-02-26,"2015","Feb","roupa","sapatos aline  (2/3)",80
"91",2015-02-26,"2015","Feb","beleza","norma  (2/3)",107.33
"92",2015-02-26,"2015","Feb","lazer","net flux ",17
"93",2015-02-26,"2015","Feb","investimento","catho (2/6)",36
"94",2015-02-26,"2015","Feb","transporte","16-01 gasolina ",151
"95",2015-02-26,"2015","Feb","pet","16-01 vet  (1/2)",51.5
"96",2015-02-26,"2015","Feb","presentes","18-01 mochila  (1/2)",44.5
"97",2015-02-26,"2015","Feb","alimentação","17-01 sacolão",164
"98",2015-02-26,"2015","Feb","fast food","17-01 pastel",10
"99",2015-02-26,"2015","Feb","alimentação","17-01 açougue",23
"100",2015-02-26,"2015","Feb","alimentação","18-01 coop",30
"101",2015-02-26,"2015","Feb","saúde","18-01 farmácia",8
"102",2015-02-26,"2015","Feb","equipamentos","19-01 garrafa toddy",11.5
"103",2015-02-26,"2015","Feb","pet","20-01 vet",56
"104",2015-02-26,"2015","Feb","transporte","23-01 gasolina ",148
"105",2015-02-26,"2015","Feb","fast food","23-01 pizza",24
"106",2015-02-26,"2015","Feb","alimentação","23-01 coop",40
"107",2015-02-26,"2015","Feb","alimentação","24-01 mercado",8
"108",2015-02-26,"2015","Feb","alimentação","26-01 feira",73
"109",2015-02-26,"2015","Feb","alimentação","26-01 pastel",10
"110",2015-02-26,"2015","Feb","fast food","28-01 restaurante",21
"111",2015-02-26,"2015","Feb","fast food","30-01 aline & alessandra",50
"112",2015-02-26,"2015","Feb","fast food","30-01 espetinho",20
"113",2015-02-26,"2015","Feb","fast food","31-01 pizza",28
"114",2015-02-26,"2015","Feb","alimentação","01-02 feira",111
"115",2015-02-26,"2015","Feb","beleza","cabelo aline ",65
"116",2015-02-26,"2015","Feb","pet","06-02 fraldas ",76
"117",2015-02-26,"2015","Feb","fast food","08-02 pastel ",20
"118",2015-02-26,"2015","Feb","pet","08-02 pet  (1/2)",55.5
"119",2015-02-26,"2015","Feb","alimentação","08-02 mercado ",25
"120",2015-02-26,"2015","Feb","pagamentos","25-02 saque",250
"121",2015-02-26,"2015","Feb","equipamentos","25-02 guitarra",50
"122",2015-02-27,"2015","Feb","pagamentos","27-02 saque",180
"123",2015-02-27,"2015","Feb","beleza","27-02 cabeleireiro",30
"124",2015-02-27,"2015","Feb","seguros","mafre",240
"125",2015-03-02,"2015","Mar","moradia","limpeza tapete",75
"126",2015-03-05,"2015","Mar","educação","inglês ",300
"127",2015-03-07,"2015","Mar","roupa","costureira ",50
"128",2015-03-07,"2015","Mar","pagamentos","saque ",230
"129",2015-03-10,"2015","Mar","fast food","10-03 tapioca",22
"130",2015-03-10,"2015","Mar","pagamentos","saque",90
"131",2015-03-10,"2015","Mar","roupa","10-03 sabão gel",18
"132",2015-03-10,"2015","Mar","pagamentos","banco",41
"133",2015-03-11,"2015","Mar","corolla","licenciamento 2015",84
"134",2015-03-12,"2015","Mar","telefonia","vivo ",49
"135",2015-03-12,"2015","Mar","moradia","luz",60
"136",2015-03-15,"2015","Mar","educação","kung fu",120
"137",2015-03-15,"2015","Mar","saúde","convênio ",228
"138",2015-03-16,"2015","Mar","moradia","vigia",45
"139",2015-03-30,"2015","Mar","moradia","conta água",44
"140",2015-04-01,"2015","Apr","pagamentos","29-03 saque ",70
"141",2015-04-01,"2015","Apr","pagamentos","defict mes anterior",230
"142",2015-04-01,"2015","Apr","pagamentos","05-04 bus aline",20
"143",2015-04-01,"2015","Apr","pagamentos","25-03 saque",95
"144",2015-04-01,"2015","Apr","alimentação","20-03 bolo",20
"145",2015-04-01,"2015","Apr","fast food","28-03 pizza",30
"146",2015-04-01,"2015","Apr","transporte","01-04 bus aline",20
"147",2015-04-01,"2015","Apr","lazer","17-03 bus aline",20
"148",2015-04-01,"2015","Apr","beleza","25-03 cabelo",30
"149",2015-04-01,"2015","Apr","roupa","26-03 costureira",40
"150",2015-04-01,"2015","Apr","alimentação","29-03 feira ",110
"151",2015-04-01,"2015","Apr","lazer","25-03 almoço",20
"152",2015-04-01,"2015","Apr","fast food","15-03 tapioca ",20
"153",2015-04-01,"2015","Apr","presentes","ovos páscoa ",40
"154",2015-04-02,"2015","Apr","beleza","maquiagem ",90
"155",2015-04-05,"2015","Apr","educação","inglês ",300
"156",2015-04-06,"2015","Apr","fast food","04-04 pastel",0
"157",2015-04-10,"2015","Apr","pagamentos","banco",41
"158",2015-04-10,"2015","Apr","fast food","10-04 bolo",50
"159",2015-04-11,"2015","Apr","saúde","farmácia ",15
"160",2015-04-11,"2015","Apr","lazer","11-04 egito",31
"161",2015-04-12,"2015","Apr","telefonia","vivo ",60
"162",2015-04-13,"2015","Apr","pagamentos","saque ",110
"163",2015-04-15,"2015","Apr","saúde","convênio ",228
"164",2015-04-15,"2015","Apr","educação","kung fu",120
"165",2015-04-16,"2015","Apr","moradia","vigia",45
"166",2015-04-19,"2015","Apr","fast food","tapioca ",25
"167",2015-04-20,"2015","Apr","equipamentos","wallmart",60
"168",2015-04-25,"2015","Apr","fatura c.crédito","fatura passada",0.99
"169",2015-04-27,"2015","Apr","beleza","cabelo ",30
"170",2015-04-27,"2015","Apr","seguros","mafre",240
"171",2015-04-28,"2015","Apr","corolla","corolla 1-3",300
"172",2015-04-28,"2015","Apr","pagamentos","saque",45
"173",2015-04-28,"2015","Apr","telefonia","tim ",70
"174",2015-04-28,"2015","Apr","investimento","pic",82
"175",2015-04-28,"2015","Apr","lazer","net flux ",17
"176",2015-04-28,"2015","Apr","investimento","catho (4/6)",36
"177",2015-04-28,"2015","Apr","investimento","17-12 joías auth (2/4)",137
"178",2015-04-28,"2015","Apr","roupa","15-12 sapatos mundial (2/4)",40
"179",2015-04-28,"2015","Apr","moradia","31-01 c&c (2/3)",113.66
"180",2015-04-28,"2015","Apr","roupa","19-02 extra lençol e fonte (2/8)",52
"181",2015-04-28,"2015","Apr","telefonia","09-03 claro fixo (2/2)",30
"182",2015-04-28,"2015","Apr","beleza","27-03 norma (1/3)",150
"183",2015-04-28,"2015","Apr","alimentação","cooperativa ",30
"184",2015-04-28,"2015","Apr","fast food","café ",19
"185",2015-04-28,"2015","Apr","pet","consulta veterinário ",75
"186",2015-04-28,"2015","Apr","lazer","almoço ferraz ",80
"187",2015-04-28,"2015","Apr","beleza","cortina da sala  (1/10)",78
"188",2015-04-28,"2015","Apr","alimentação","14-03 feira",104
"189",2015-04-28,"2015","Apr","alimentação","14-03 coop",35
"190",2015-04-28,"2015","Apr","saúde","20-03 farmácia erick",84
"191",2015-04-28,"2015","Apr","saúde","18-03 farmácia aline (1/2)",40
"192",2015-04-28,"2015","Apr","transporte","18-03 gasolina",138
"193",2015-04-28,"2015","Apr","presentes","18-03 brinquedos",94
"194",2015-04-28,"2015","Apr","fast food","21-03 pastel ",25
"195",2015-04-28,"2015","Apr","alimentação","21-03 frango ",22
"196",2015-04-28,"2015","Apr","alimentação","21-03 feira ",123
"197",2015-04-28,"2015","Apr","transporte","25-03 gasolina",139
"198",2015-04-28,"2015","Apr","transporte","31-03 gasolina ",162
"199",2015-04-28,"2015","Apr","alimentação","27-03 sao judas",35
"200",2015-04-28,"2015","Apr","presentes","24-03 presente gabi",60
"201",2015-04-28,"2015","Apr","beleza","24-03 batom",90
"202",2015-04-28,"2015","Apr","alimentação","24-03 coop",26
"203",2015-04-28,"2015","Apr","corolla","02-04 bateria (1/5)",65
"204",2015-04-28,"2015","Apr","alimentação","04-04 feira",140
"205",2015-04-28,"2015","Apr","presentes","04-04 ovo lucas",34
"206",2015-04-28,"2015","Apr","alimentação","04-04 walmart",60
"207",2015-04-28,"2015","Apr","equipamentos","04-04 chuveiro",30
"208",2015-04-28,"2015","Apr","alimentação","01-04 mercado",20
"209",2015-04-28,"2015","Apr","alimentação","05-04 feira + frango",60
"210",2015-04-28,"2015","Apr","fast food","07-04 pizza",24
"211",2015-04-28,"2015","Apr","steam","06-04 dragon  age (1/2)",32.5
"212",2015-04-28,"2015","Apr","equipamentos","08-04 guitarra (1/8)",54
"213",2015-04-28,"2015","Apr","transporte","08-04 gasolina",135
"214",2015-04-28,"2015","Apr","pet","05-04 fralda",14
"215",2015-04-28,"2015","Apr","fast food","06-04 aline osasco",25
"216",2015-04-28,"2015","Apr","beleza","10-04 perfumaria",15
"217",2015-04-28,"2015","Apr","equipamentos","10-04 cortina",10
"218",2015-04-29,"2015","Apr","lazer","exame faixa",75
"219",2015-04-29,"2015","Apr","pagamentos","saque",40
"220",2015-04-30,"2015","Apr","moradia","luz",100
"221",2015-04-30,"2015","Apr","moradia","conta água",50
"222",2015-05-01,"2015","May","pagamentos","defict mes anterior",230
"223",2015-05-05,"2015","May","educação","inglês ",300
"224",2015-05-08,"2015","May","telefonia","claro fixo",32
"225",2015-05-10,"2015","May","pagamentos","banco",45
"226",2015-05-15,"2015","May","educação","kung fu",120
"227",2015-05-15,"2015","May","saúde","convênio ",228
"228",2015-05-16,"2015","May","moradia","vigia",45
"229",2015-05-17,"2015","May","pagamentos","17-05 saque",40
"230",2015-05-20,"2015","May","corolla","corolla 2-3",287
"231",2015-05-21,"2015","May","moradia","luz",100
"232",2015-05-22,"2015","May","telefonia","vivo ",70
"233",2015-05-25,"2015","May","telefonia","tim ",70
"234",2015-05-25,"2015","May","investimento","pic",82
"235",2015-05-25,"2015","May","lazer","net flux ",17
"236",2015-05-25,"2015","May","investimento","catho (5/6)",36
"237",2015-05-25,"2015","May","investimento","17-12 joías auth (3/4)",137
"238",2015-05-25,"2015","May","roupa","15-12 sapatos mundial (3/4)",40
"239",2015-05-25,"2015","May","moradia","31-01 c&c (3/3)",113.66
"240",2015-05-25,"2015","May","roupa","19-02 extra lençol e fonte (3/8)",52
"241",2015-05-25,"2015","May","beleza","27-03 norma (2/3)",150
"242",2015-05-25,"2015","May","beleza","cortina da sala  (2/10)",78
"243",2015-05-25,"2015","May","saúde","18-03 farmácia aline (2/2)",40
"244",2015-05-25,"2015","May","corolla","02-04 bateria (2/5)",65
"245",2015-05-25,"2015","May","steam","06-04 dragon  age (2/2)",32.5
"246",2015-05-25,"2015","May","equipamentos","08-04 guitarra (2/8)",54
"247",2015-05-25,"2015","May","pet","11-04 tosa puka",80
"248",2015-05-25,"2015","May","fast food","11-04 china",52
"249",2015-05-25,"2015","May","pet","banho puka ",120
"250",2015-05-25,"2015","May","roupa","tênis aline  (1/3)",36.67
"251",2015-05-25,"2015","May","saúde","11-04 farmácia",15
"252",2015-05-25,"2015","May","alimentação","12-04 feira",130
"253",2015-05-25,"2015","May","lazer","12-04 churras",44
"254",2015-05-25,"2015","May","saúde","14-04 farmácia",12
"255",2015-05-25,"2015","May","alimentação","14-04 mercado",26
"256",2015-05-25,"2015","May","equipamentos","14-04 copafer (1/3)",33.33
"257",2015-05-25,"2015","May","transporte","15-04 gasolina",149
"258",2015-05-25,"2015","May","alimentação","18-04 mercado ",405
"259",2015-05-25,"2015","May","alimentação","19-04 feira ",90
"260",2015-05-25,"2015","May","equipamentos","18-04 extensão",17
"261",2015-05-25,"2015","May","alimentação","19-04 feira",90
"262",2015-05-25,"2015","May","fast food","24-04 pizza",24
"263",2015-05-25,"2015","May","alimentação","25-04 feira",103
"264",2015-05-25,"2015","May","fast food","25-04 coop",19
"265",2015-05-25,"2015","May","fast food","25-04 pastel",11
"266",2015-05-25,"2015","May","alimentação","25-04 camarao",88
"267",2015-05-25,"2015","May","alimentação","25-04 frango",13
"268",2015-05-25,"2015","May","fast food","26-04 china",35
"269",2015-05-25,"2015","May","alimentação","17-04 mercado",21
"270",2015-05-25,"2015","May","saúde","17-04 farmácia",22
"271",2015-05-25,"2015","May","alimentação","16-04 açougue",32
"272",2015-05-25,"2015","May","fast food","27-04 mc",27
"273",2015-05-25,"2015","May","saúde","03-05 farmácia",48
"274",2015-05-25,"2015","May","alimentação","02-05 frango",42
"275",2015-05-25,"2015","May","fast food","02-05 pastel",11
"276",2015-05-25,"2015","May","alimentação","02-05 feira",86
"277",2015-05-25,"2015","May","transporte","30-04 gasolina",145
"278",2015-05-25,"2015","May","pet","29-04 coop puka",40
"279",2015-05-25,"2015","May","transporte","22-04 gasolina",148
"280",2015-05-25,"2015","May","equipamentos","11-05 bugigangas",17
"281",2015-05-25,"2015","May","alimentação","11-05 mercados",30
"282",2015-05-25,"2015","May","pet","10-05 ração",30
"283",2015-05-25,"2015","May","alimentação","09-05 feira",89
"284",2015-05-25,"2015","May","alimentação","09-05 mercado",59
"285",2015-05-25,"2015","May","equipamentos","08-05 sacos de lixo",27
"286",2015-05-25,"2015","May","alimentação","05-05 coop",28
"287",2015-05-25,"2015","May","transporte","09-05 gasolina",166
"288",2015-05-26,"2015","May","lazer","ônibus aline ",20
"289",2015-05-27,"2015","May","seguros","mafre",240
"290",2015-05-27,"2015","May","beleza","cabelo ",30
"291",2015-05-30,"2015","May","moradia","conta água",50
"292",2015-06-01,"2015","Jun","pagamentos","29-05 saque",90
"293",2015-06-01,"2015","Jun","saúde","farmácia",25
"294",2015-06-01,"2015","Jun","pagamentos","deficit mês anterior ",470
"295",2015-06-02,"2015","Jun","saúde","farmácia ",22
"296",2015-06-03,"2015","Jun","lazer","03-06-almoço ferraz ",21
"297",2015-06-05,"2015","Jun","educação","inglês ",300
"298",2015-06-06,"2015","Jun","lazer","complemento festa",11
"299",2015-06-08,"2015","Jun","telefonia","claro fixo",21
"300",2015-06-10,"2015","Jun","pagamentos","banco",45
"301",2015-06-15,"2015","Jun","educação","kung fu",120
"302",2015-06-15,"2015","Jun","saúde","convênio ",228
"303",2015-06-16,"2015","Jun","lazer","almoço ferraz ",17
"304",2015-06-16,"2015","Jun","alimentação","mercado ",46
"305",2015-06-16,"2015","Jun","saúde","farmácia ",21
"306",2015-06-16,"2015","Jun","pagamentos","saque ",60
"307",2015-06-16,"2015","Jun","pagamentos","ônibus aline ",20
"308",2015-06-16,"2015","Jun","moradia","vigia",45
"309",2015-06-22,"2015","Jun","telefonia","vivo ",80
"310",2015-06-22,"2015","Jun","corolla","corolla 3-3",287
"311",2015-06-25,"2015","Jun","pagamentos","saque",80
"312",2015-06-25,"2015","Jun","telefonia","tim ",70
"313",2015-06-25,"2015","Jun","investimento","pic",82
"314",2015-06-25,"2015","Jun","lazer","net flux ",17
"315",2015-06-25,"2015","Jun","investimento","catho (6/6)",36
"316",2015-06-25,"2015","Jun","investimento","17-12 joías auth (4/4)",137
"317",2015-06-25,"2015","Jun","roupa","15-12 sapatos mundial (4/4)",40
"318",2015-06-25,"2015","Jun","roupa","19-02 extra lençol e fonte (4/8)",52
"319",2015-06-25,"2015","Jun","beleza","27-03 norma (3/3)",150
"320",2015-06-25,"2015","Jun","beleza","cortina da sala  (3/10)",78
"321",2015-06-25,"2015","Jun","corolla","02-04 bateria (3/5)",65
"322",2015-06-25,"2015","Jun","equipamentos","08-04 guitarra (3/8)",54
"323",2015-06-25,"2015","Jun","roupa","tênis aline  (2/3)",36.67
"324",2015-06-25,"2015","Jun","equipamentos","14-04 copafer (2/3)",33.33
"325",2015-06-25,"2015","Jun","saúde","óculos  (1/4)",52.5
"326",2015-06-25,"2015","Jun","alimentação","16-05 feira ",81
"327",2015-06-25,"2015","Jun","transporte","17-05 gasolina ",161
"328",2015-06-25,"2015","Jun","alimentação","13-05 hitamax",40
"329",2015-06-25,"2015","Jun","alimentação","14-05 hitamax",15
"330",2015-06-25,"2015","Jun","alimentação","15-05 coop",70
"331",2015-06-25,"2015","Jun","fast food","18-05 pizza",25
"332",2015-06-25,"2015","Jun","moradia","19-05 gas",58
"333",2015-06-25,"2015","Jun","alimentação","19-05 açougue",76
"334",2015-06-25,"2015","Jun","equipamentos","20-05 noemi",26
"335",2015-06-25,"2015","Jun","lazer","31-05 mat. festa",163
"336",2015-06-25,"2015","Jun","alimentação","30-05 feira",95
"337",2015-06-25,"2015","Jun","alimentação","27-05 mercado",30
"338",2015-06-25,"2015","Jun","pet","26-05 ração (1/3)",83.33
"339",2015-06-25,"2015","Jun","lazer","26-05 mat festa (1/3)",45
"340",2015-06-25,"2015","Jun","lazer","26-05 mat festa 2",111
"341",2015-06-25,"2015","Jun","alimentação","24-05 coop",15
"342",2015-06-25,"2015","Jun","lazer","22-05 mat festa",151
"343",2015-06-25,"2015","Jun","alimentação","22-05 coop",27
"344",2015-06-25,"2015","Jun","alimentação","23-05 feira",72
"345",2015-06-25,"2015","Jun","fast food","23-05 pastel",11
"346",2015-06-25,"2015","Jun","pagamentos","01-06 passagem mi",50
"347",2015-06-25,"2015","Jun","steam","01-06 war thunder (1/2)",27.5
"348",2015-06-25,"2015","Jun","transporte","31-05 gasolina",115
"349",2015-06-25,"2015","Jun","transporte","25-05 gasolina",140
"350",2015-06-25,"2015","Jun","transporte","07-06 gasolina",163
"351",2015-06-25,"2015","Jun","lazer","06-06 mercado festa",21
"352",2015-06-25,"2015","Jun","pagamentos","05-06 peça kombi (1/2)",47.5
"353",2015-06-25,"2015","Jun","corolla","05-06 amortecedor corolla (1/2)",65
"354",2015-06-25,"2015","Jun","lazer","03-06 camarão aline",58
"355",2015-06-25,"2015","Jun","presentes","03-06 girassol",25
"356",2015-06-25,"2015","Jun","alimentação","13-06 feira ",159
"357",2015-06-25,"2015","Jun","transporte","13-03 gasolina ",155
"358",2015-06-25,"2015","Jun","presentes","presente jonas ",45
"359",2015-06-27,"2015","Jun","seguros","mafre",240
"360",2015-06-27,"2015","Jun","beleza","cabelo ",30
"361",2015-06-30,"2015","Jun","moradia","luz",90
"362",2015-06-30,"2015","Jun","moradia","conta água",50
"363",2015-06-30,"2015","Jun","telefonia","tim aline",18
"364",2015-07-01,"2015","Jul","pagamentos","defict mes anterior",766
"365",2015-07-05,"2015","Jul","educação","inglês ",100
"366",2015-07-06,"2015","Jul","pagamentos","banco aline ",50
"367",2015-07-08,"2015","Jul","telefonia","claro fixo",32
"368",2015-07-09,"2015","Jul","pagamentos","saque ",80
"369",2015-07-09,"2015","Jul","lazer","almoço ferraz ",15
"370",2015-07-10,"2015","Jul","pagamentos","banco",45
"371",2015-07-15,"2015","Jul","lazer","almoço ferraz ",13
"372",2015-07-15,"2015","Jul","saúde","convênio ",228
"373",2015-07-15,"2015","Jul","educação","kung fu",120
"374",2015-07-16,"2015","Jul","moradia","vigia",45
"375",2015-07-17,"2015","Jul","alimentação","mercado",17
"376",2015-07-20,"2015","Jul","pagamentos","20-07 saque",70
"377",2015-07-21,"2015","Jul","lazer","almoço ferraz ",23
"378",2015-07-22,"2015","Jul","telefonia","vivo ",80
"379",2015-07-22,"2015","Jul","lazer","almoço ferraz ",13
"380",2015-07-23,"2015","Jul","equipamentos","cds",29
"381",2015-07-24,"2015","Jul","alimentação","mercado",16
"382",2015-07-27,"2015","Jul","beleza","cabelo ",30
"383",2015-07-27,"2015","Jul","telefonia","tim ",70
"384",2015-07-27,"2015","Jul","investimento","pic",82
"385",2015-07-27,"2015","Jul","lazer","net flux ",17
"386",2015-07-27,"2015","Jul","roupa","19-02 extra lençol e fonte (5/8)",52
"387",2015-07-27,"2015","Jul","beleza","cortina da sala  (4/10)",78
"388",2015-07-27,"2015","Jul","corolla","02-04 bateria (4/5)",65
"389",2015-07-27,"2015","Jul","equipamentos","08-04 guitarra (4/8)",54
"390",2015-07-27,"2015","Jul","roupa","tênis aline  (3/3)",36.67
"391",2015-07-27,"2015","Jul","equipamentos","14-04 copafer (3/3)",33.33
"392",2015-07-27,"2015","Jul","saúde","óculos  (2/4)",52.5
"393",2015-07-27,"2015","Jul","pet","26-05 ração (2/3)",83.33
"394",2015-07-27,"2015","Jul","lazer","26-05 mat festa (2/3)",45
"395",2015-07-27,"2015","Jul","steam","01-06 war thunder (2/2)",27.5
"396",2015-07-27,"2015","Jul","pagamentos","05-06 peça kombi (2/2)",47.5
"397",2015-07-27,"2015","Jul","corolla","05-06 amortecedor corolla (2/2)",65
"398",2015-07-27,"2015","Jul","corolla","suspensão corolla (1/3)",166.66
"399",2015-07-27,"2015","Jul","alimentação","16-06 compras ",566
"400",2015-07-27,"2015","Jul","saúde","17-03 farmácia ",65
"401",2015-07-27,"2015","Jul","alimentação","20-06 frango ",35
"402",2015-07-27,"2015","Jul","alimentação","20-06 feira ",72
"403",2015-07-27,"2015","Jul","lazer","20-06 churrasco anderson ",31
"404",2015-07-27,"2015","Jul","transporte","20-06 gasolina ",144
"405",2015-07-27,"2015","Jul","saúde","22-06 farmácia ",32
"406",2015-07-27,"2015","Jul","saúde","24-06 farmácia",57
"407",2015-07-27,"2015","Jul","lazer","24-06 almoço ferraz",18
"408",2015-07-27,"2015","Jul","alimentação","27-06 feira ",103
"409",2015-07-27,"2015","Jul","alimentação","26-06 mercado",12
"410",2015-07-27,"2015","Jul","alimentação","26-06 açougue",20
"411",2015-07-27,"2015","Jul","alimentação","29-06 walmart",85
"412",2015-07-27,"2015","Jul","lazer","30-06 - almoço corseg",22
"413",2015-07-27,"2015","Jul","transporte","28-06 gasolina",158
"414",2015-07-27,"2015","Jul","pet","banho e tosa ",55
"415",2015-07-27,"2015","Jul","alimentação","04-07 feira ",138
"416",2015-07-27,"2015","Jul","presentes","chá de bebê ",45
"417",2015-07-27,"2015","Jul","transporte","07-07 gasolina ",173
"418",2015-07-27,"2015","Jul","fast food","aline sp",44
"419",2015-07-27,"2015","Jul","lazer","almoço ferraz ",11
"420",2015-07-27,"2015","Jul","equipamentos","secador (1/6)",37.33
"421",2015-07-27,"2015","Jul","alimentação","11-09 feira ",76
"422",2015-07-27,"2015","Jul","saúde","13-07 farmácia ",11
"423",2015-07-29,"2015","Jul","pagamentos","saque",48
"424",2015-07-29,"2015","Jul","pagamentos","onibus aline",20
"425",2015-07-30,"2015","Jul","telefonia","tim aline",20
"426",2015-07-30,"2015","Jul","moradia","luz",104
"427",2015-07-30,"2015","Jul","moradia","conta água",62
"428",2015-08-01,"2015","Aug","transporte","31-07 gasolina ",95
"429",2015-08-03,"2015","Aug","pagamentos","deficit mês anterior ",250
"430",2015-08-03,"2015","Aug","educação","curso erick (1/12)",300
"431",2015-08-05,"2015","Aug","lazer","05-08 almoço ferraz",14
"432",2015-08-05,"2015","Aug","educação","inglês ",100
"433",2015-08-07,"2015","Aug","alimentação","07-08 café",15
"434",2015-08-07,"2015","Aug","alimentação","03-08 mercado",9
"435",2015-08-08,"2015","Aug","telefonia","claro fixo",32
"436",2015-08-08,"2015","Aug","equipamentos","08-08 pia",45
"437",2015-08-10,"2015","Aug","pagamentos","banco",45
"438",2015-08-11,"2015","Aug","pagamentos","11-08 saque",20
"439",2015-08-12,"2015","Aug","saúde","12-08 podóloga",75
"440",2015-08-15,"2015","Aug","educação","kung fu",120
"441",2015-08-15,"2015","Aug","alimentação","items cozinha ",35
"442",2015-08-15,"2015","Aug","saúde","convênio ",228
"443",2015-08-16,"2015","Aug","moradia","vigia",45
"444",2015-08-18,"2015","Aug","alimentação","pão final de semana ",8
"445",2015-08-18,"2015","Aug","fast food","açai",14
"446",2015-08-19,"2015","Aug","corolla","ducha ",10.5
"447",2015-08-21,"2015","Aug","moradia","luz",120
"448",2015-08-22,"2015","Aug","telefonia","vivo ",80
"449",2015-08-22,"2015","Aug","fast food","tapioca ",21
"450",2015-08-22,"2015","Aug","pagamentos","saque ",40
"451",2015-08-23,"2015","Aug","corolla","seguro corolla (1/4)",577
"452",2015-08-25,"2015","Aug","telefonia","tim ",70
"453",2015-08-25,"2015","Aug","investimento","pic",82
"454",2015-08-25,"2015","Aug","lazer","net flux ",17
"455",2015-08-25,"2015","Aug","roupa","19-02 extra lençol e fonte (6/8)",52
"456",2015-08-25,"2015","Aug","beleza","cortina da sala  (5/10)",78
"457",2015-08-25,"2015","Aug","corolla","02-04 bateria (5/5)",65
"458",2015-08-25,"2015","Aug","equipamentos","08-04 guitarra (5/8)",54
"459",2015-08-25,"2015","Aug","saúde","óculos  (3/4)",52.5
"460",2015-08-25,"2015","Aug","pet","26-05 ração (3/3)",83.33
"461",2015-08-25,"2015","Aug","lazer","26-05 mat festa (3/3)",45
"462",2015-08-25,"2015","Aug","corolla","suspensão corolla (2/3)",166.66
"463",2015-08-25,"2015","Aug","equipamentos","secador (2/6)",37.33
"464",2015-08-25,"2015","Aug","pagamentos","uol aline (1/4)",30.5
"465",2015-08-25,"2015","Aug","alimentação","15-07 mercado",20
"466",2015-08-25,"2015","Aug","alimentação","17-07 mercado",50
"467",2015-08-25,"2015","Aug","alimentação","18-07 mercado",250
"468",2015-08-25,"2015","Aug","transporte","18-07 gasolina",103
"469",2015-08-25,"2015","Aug","alimentação","18-07 mercado seta",42
"470",2015-08-25,"2015","Aug","roupa","18-07 tênis (1/5)",52
"471",2015-08-25,"2015","Aug","alimentação","19-07 feira",136
"472",2015-08-25,"2015","Aug","alimentação","19-07 frango",65
"473",2015-08-25,"2015","Aug","pet","19-07 fralda puka (1/3)",30
"474",2015-08-25,"2015","Aug","lazer","20-07 mc",22
"475",2015-08-25,"2015","Aug","lazer","21-07 shopp tiete",42
"476",2015-08-25,"2015","Aug","lazer","mineira",49
"477",2015-08-25,"2015","Aug","lazer","posto",25
"478",2015-08-25,"2015","Aug","alimentação","22-07 mercado",8
"479",2015-08-25,"2015","Aug","lazer","25-07 lareira",37
"480",2015-08-25,"2015","Aug","transporte","26-07 gasolina",92
"481",2015-08-25,"2015","Aug","alimentação","26-07 feira",85
"482",2015-08-25,"2015","Aug","alimentação","feira ",100
"483",2015-08-25,"2015","Aug","alimentação","açougue ",46
"484",2015-08-25,"2015","Aug","alimentação","31-07 mercado ",47
"485",2015-08-25,"2015","Aug","alimentação","05-08 carrefour",56
"486",2015-08-25,"2015","Aug","pet","05-08 pomada puka",47
"487",2015-08-25,"2015","Aug","transporte","05-08 gasolina",103
"488",2015-08-25,"2015","Aug","moradia","02-08 gas",53
"489",2015-08-25,"2015","Aug","alimentação","03-08 coop + são judas",30
"490",2015-08-25,"2015","Aug","alimentação","07-08 mercado",11
"491",2015-08-25,"2015","Aug","lazer","07-08 açai",20
"492",2015-08-25,"2015","Aug","alimentação","08-08 feira",110
"493",2015-08-25,"2015","Aug","saúde","08-08 farmácia",80
"494",2015-08-25,"2015","Aug","transporte","10-08 gasolina",90
"495",2015-08-26,"2015","Aug","lazer","almoço ferraz ",15
"496",2015-08-26,"2015","Aug","educação","exame faixa",80
"497",2015-08-27,"2015","Aug","seguros","mafre",260
"498",2015-08-27,"2015","Aug","beleza","cabelo ",30
"499",2015-08-30,"2015","Aug","moradia","conta água",62
"500",2015-09-01,"2015","Sep","pagamentos","deficit mês anterior ",490
"501",2015-09-01,"2015","Sep","corolla","lavagem carro ",30
"502",2015-09-01,"2015","Sep","pagamentos","saque ",48
"503",2015-09-03,"2015","Sep","educação","curso erick (2/12)",300
"504",2015-09-05,"2015","Sep","educação","inglês ",100
"505",2015-09-06,"2015","Sep","fast food","pastel ",22
"506",2015-09-08,"2015","Sep","telefonia","claro fixo",32
"507",2015-09-08,"2015","Sep","pagamentos","uol aline fechamento",45
"508",2015-09-10,"2015","Sep","pagamentos","banco",45
"509",2015-09-15,"2015","Sep","educação","kung fu",120
"510",2015-09-15,"2015","Sep","telefonia","tim aline",20
"511",2015-09-15,"2015","Sep","saúde","convênio ",228
"512",2015-09-16,"2015","Sep","moradia","vigia",45
"513",2015-09-17,"2015","Sep","pagamentos","empréstimo autêntica  (2/20)",200
"514",2015-09-21,"2015","Sep","moradia","luz",112
"515",2015-09-21,"2015","Sep","pagamentos","21-09 saque",40
"516",2015-09-23,"2015","Sep","corolla","lavagem carro ",10
"517",2015-09-23,"2015","Sep","corolla","seguro corolla (2/4)",577
"518",2015-09-24,"2015","Sep","pagamentos","poupa tempo ",33
"519",2015-09-25,"2015","Sep","investimento","pic",82
"520",2015-09-25,"2015","Sep","lazer","net flux ",17
"521",2015-09-25,"2015","Sep","equipamentos","aparelho de pressão  (1/4)",31.5
"522",2015-09-25,"2015","Sep","equipamentos","filtro europa ",120
"523",2015-09-25,"2015","Sep","fast food","29-08 doces ",13
"524",2015-09-25,"2015","Sep","lazer","doces ",24
"525",2015-09-25,"2015","Sep","alimentação","padaria ",14
"526",2015-09-25,"2015","Sep","alimentação","mercado ",23
"527",2015-09-25,"2015","Sep","alimentação","05-09 feira ",96
"528",2015-09-25,"2015","Sep","pet","07-09 vet puka (1/2)",107
"529",2015-09-25,"2015","Sep","pet","08-09 coop puka",50
"530",2015-09-25,"2015","Sep","transporte","08-09 gasolina",90
"531",2015-09-25,"2015","Sep","saúde","10-09 óculos aline ",25
"532",2015-09-25,"2015","Sep","alimentação","12-09 feira ",75
"533",2015-09-25,"2015","Sep","equipamentos","cortina ",18
"534",2015-09-25,"2015","Sep","saúde","remédio aline  (1/3)",25
"535",2015-09-25,"2015","Sep","pet","tapete cão ",60
"536",2015-09-25,"2015","Sep","corolla","manutenção corolla 190k (1/4)",193.75
"537",2015-09-25,"2015","Sep","telefonia","tim ",70
"538",2015-09-25,"2015","Sep","roupa","19-02 extra lençol e fonte (7/8)",52
"539",2015-09-25,"2015","Sep","beleza","cortina da sala  (6/10)",78
"540",2015-09-25,"2015","Sep","equipamentos","08-04 guitarra (6/8)",54
"541",2015-09-25,"2015","Sep","saúde","óculos  (4/4)",52.5
"542",2015-09-25,"2015","Sep","corolla","suspensão corolla (3/3)",166.66
"543",2015-09-25,"2015","Sep","equipamentos","secador (3/6)",37.33
"544",2015-09-25,"2015","Sep","pagamentos","uol aline (2/4)",30.5
"545",2015-09-25,"2015","Sep","roupa","18-07 tênis (2/5)",52
"546",2015-09-25,"2015","Sep","pet","19-07 fralda puka (2/3)",30
"547",2015-09-25,"2015","Sep","alimentação","15-08 feira ",140
"548",2015-09-25,"2015","Sep","transporte","16-08 gasolina ",95
"549",2015-09-25,"2015","Sep","transporte","22-08 gasolina ",100
"550",2015-09-25,"2015","Sep","alimentação","22-08 compra ",280
"551",2015-09-25,"2015","Sep","alimentação","22-08 feira ",140
"552",2015-09-25,"2015","Sep","alimentação","20-08 coop",50
"553",2015-09-25,"2015","Sep","alimentação","24-08 mercado",14
"554",2015-09-25,"2015","Sep","pet","vacina ",127
"555",2015-09-25,"2015","Sep","transporte","29-08 gasolina ",99
"556",2015-09-25,"2015","Sep","alimentação","29-08 pastel ",20
"557",2015-09-25,"2015","Sep","alimentação","29-08 feira ",140
"558",2015-09-25,"2015","Sep","beleza","26-08 aline ",35
"559",2015-09-25,"2015","Sep","lazer","almoço reunião ",23
"560",2015-09-25,"2015","Sep","saúde","29-08 remédios ",49
"561",2015-09-27,"2015","Sep","seguros","mafre",260
"562",2015-09-27,"2015","Sep","beleza","cabelo ",30
"563",2015-09-28,"2015","Sep","fast food","churros",18
"564",2015-09-29,"2015","Sep","pagamentos","saque ",60
"565",2015-09-30,"2015","Sep","moradia","conta água",55
"566",2015-10-01,"2015","Oct","pagamentos","01-10 saque",45
"567",2015-10-01,"2015","Oct","lazer","01-10 almoço ferraz",13
"568",2015-10-03,"2015","Oct","transporte","01-10 gasolina ",108
"569",2015-10-03,"2015","Oct","educação","curso erick (3/12)",190
"570",2015-10-03,"2015","Oct","equipamentos","torneira ",18
"571",2015-10-04,"2015","Oct","alimentação","feira ",115
"572",2015-10-04,"2015","Oct","pagamentos","ônibus aline ",20
"573",2015-10-05,"2015","Oct","educação","inglês ",100
"574",2015-10-07,"2015","Oct","lazer","07-10 almoço ferraz",16
"575",2015-10-08,"2015","Oct","telefonia","claro fixo",32
"576",2015-10-10,"2015","Oct","pagamentos","banco",45
"577",2015-10-13,"2015","Oct","transporte","13-10 gasolina",73
"578",2015-10-14,"2015","Oct","alimentação","mercado ",14
"579",2015-10-15,"2015","Oct","educação","kung fu",120
"580",2015-10-15,"2015","Oct","saúde","convênio ",228
"581",2015-10-16,"2015","Oct","moradia","vigia",45
"582",2015-10-16,"2015","Oct","lazer","16-10 almoço ferraz",19
"583",2015-10-16,"2015","Oct","transporte","posto sat",20
"584",2015-10-17,"2015","Oct","pagamentos","empréstimo autêntica  (3/20)",200
"585",2015-10-17,"2015","Oct","equipamentos","torneira tanque",50
"586",2015-10-21,"2015","Oct","moradia","luz",171
"587",2015-10-22,"2015","Oct","pagamentos","bco24h",50
"588",2015-10-23,"2015","Oct","corolla","seguro corolla (3/4)",577
"589",2015-10-25,"2015","Oct","equipamentos","escada e mangueira  (1/2)",93.5
"590",2015-10-25,"2015","Oct","saúde","remédio aline  (2/3)",25
"591",2015-10-25,"2015","Oct","pagamentos","uol aline (3/4)",30.5
"592",2015-10-25,"2015","Oct","roupa","18-07 tênis (3/5)",52
"593",2015-10-25,"2015","Oct","pet","19-07 fralda puka (3/3)",30
"594",2015-10-25,"2015","Oct","equipamentos","08-04 guitarra (7/8)",54
"595",2015-10-25,"2015","Oct","investimento","pic",82
"596",2015-10-25,"2015","Oct","alimentação","frango ",20
"597",2015-10-25,"2015","Oct","transporte","28-09 gasolina",96
"598",2015-10-25,"2015","Oct","transporte","17-09 gasolina ",98
"599",2015-10-25,"2015","Oct","alimentação","28-09 cooperativa",21
"600",2015-10-25,"2015","Oct","alimentação","27-09 cooperativa",44
"601",2015-10-25,"2015","Oct","alimentação","26-09 cooperativa",23
"602",2015-10-25,"2015","Oct","alimentação","20-09 wallmart",56
"603",2015-10-25,"2015","Oct","alimentação","02-10 mercado",29
"604",2015-10-25,"2015","Oct","alimentação","feira ",20
"605",2015-10-25,"2015","Oct","lazer","champanhe",37
"606",2015-10-25,"2015","Oct","lazer","temaki",55
"607",2015-10-25,"2015","Oct","lazer","coop misto quente",32
"608",2015-10-25,"2015","Oct","alimentação","feira ",115
"609",2015-10-25,"2015","Oct","roupa","19-02 extra lençol e fonte (8/8)",52
"610",2015-10-25,"2015","Oct","alimentação","mercado mês ",330
"611",2015-10-25,"2015","Oct","fast food","esfirra ",24
"612",2015-10-25,"2015","Oct","alimentação","18-09 mercado ",49
"613",2015-10-25,"2015","Oct","equipamentos","secador (4/6)",37.33
"614",2015-10-25,"2015","Oct","beleza","cortina da sala  (7/10)",78
"615",2015-10-25,"2015","Oct","alimentação","11-10 mercado",15
"616",2015-10-25,"2015","Oct","alimentação","10-10 feira",81
"617",2015-10-25,"2015","Oct","telefonia","tim ",70
"618",2015-10-25,"2015","Oct","pet","04-10 fraldas (1/3)",25.66
"619",2015-10-25,"2015","Oct","educação","06-10 taxa azul",50
"620",2015-10-25,"2015","Oct","educação","06-10 passagem rj (1/4)",60
"621",2015-10-25,"2015","Oct","transporte","08-10 gasolina",101
"622",2015-10-25,"2015","Oct","alimentação","10-10 walmart leite",43
"623",2015-10-25,"2015","Oct","saúde","10-10 farmácia",19
"624",2015-10-25,"2015","Oct","pet","07-09 vet puka (2/2)",107
"625",2015-10-25,"2015","Oct","lazer","net flux ",17
"626",2015-10-25,"2015","Oct","alimentação","compra mês complemento ",96
"627",2015-10-25,"2015","Oct","alimentação","17-09 mercado ",46
"628",2015-10-25,"2015","Oct","corolla","manutenção corolla 190k (2/4)",193.75
"629",2015-10-25,"2015","Oct","pet","vacina ",95
"630",2015-10-25,"2015","Oct","alimentação","mercado ",10
"631",2015-10-25,"2015","Oct","equipamentos","aparelho de pressão  (2/4)",31.5
"632",2015-10-27,"2015","Oct","seguros","mafre",260
"633",2015-10-27,"2015","Oct","beleza","cabelo ",30
"634",2015-10-30,"2015","Oct","moradia","conta água",58
"635",2015-11-02,"2015","Nov","transporte","gasolina 17-10",106
"636",2015-11-02,"2015","Nov","transporte","gasolina 24-10",74
"637",2015-11-02,"2015","Nov","alimentação","feira 23-10",87
"638",2015-11-05,"2015","Nov","educação","inglês ",100
"639",2015-11-08,"2015","Nov","telefonia","claro fixo",22
"640",2015-11-10,"2015","Nov","pagamentos","banco",48
"641",2015-11-15,"2015","Nov","educação","kung fu",120
"642",2015-11-15,"2015","Nov","saúde","convênio ",228
"643",2015-11-16,"2015","Nov","moradia","vigia",45
"644",2015-11-21,"2015","Nov","moradia","luz",116
"645",2015-11-22,"2015","Nov","telefonia","vivo ",80
"646",2015-11-23,"2015","Nov","pagamentos","saque ",70
"647",2015-11-23,"2015","Nov","corolla","seguro corolla (4/4)",577
"648",2015-11-24,"2015","Nov","investimento","taxi ",13
"649",2015-11-25,"2015","Nov","investimento","transporte abendi ",21
"650",2015-11-25,"2015","Nov","investimento","pic",82
"651",2015-11-25,"2015","Nov","alimentação","wallmart",39
"652",2015-11-25,"2015","Nov","transporte","carrefour pso 409",118.79
"653",2015-11-25,"2015","Nov","alimentação","sacolao saude st",82.45
"654",2015-11-25,"2015","Nov","alimentação","nivalmix vivo ",12
"655",2015-11-25,"2015","Nov","saúde","anticoncepcional ",23
"656",2015-11-25,"2015","Nov","alimentação","mercado mês ",334
"657",2015-11-25,"2015","Nov","alimentação","11-11 mercado ",71
"658",2015-11-25,"2015","Nov","lazer","ice mello sorvete",19.7
"659",2015-11-25,"2015","Nov","roupa","raj k716 (1/3)",44.99
"660",2015-11-25,"2015","Nov","roupa","fiescot",99.9
"661",2015-11-25,"2015","Nov","transporte","auto p polo petroquimic",50
"662",2015-11-25,"2015","Nov","lazer","net flux ",17
"663",2015-11-25,"2015","Nov","alimentação","coop capuava",57.42
"664",2015-11-25,"2015","Nov","lazer","netflix.com",19.9
"665",2015-11-25,"2015","Nov","equipamentos","bateria controle ",26
"666",2015-11-25,"2015","Nov","alimentação","monigas",53
"667",2015-11-25,"2015","Nov","saúde","esquina da fe",19.78
"668",2015-11-25,"2015","Nov","lazer","ferraz grill",14.07
"669",2015-11-25,"2015","Nov","alimentação","31-10 carrefour ",73
"670",2015-11-25,"2015","Nov","alimentação","açougue ",35
"671",2015-11-25,"2015","Nov","alimentação","sacolao saude st",65.8
"672",2015-11-25,"2015","Nov","transporte","31-10 gasolina ",98
"673",2015-11-25,"2015","Nov","lazer","ferraz grill",15.4
"674",2015-11-25,"2015","Nov","alimentação","coop capuava, rs 9,58 [ 28/10/2015 [ 15h45. utilizado 80% limite.",9.58
"675",2015-11-25,"2015","Nov","alimentação","coop capuava",29.43
"676",2015-11-25,"2015","Nov","telefonia","tim ",70
"677",2015-11-25,"2015","Nov","alimentação","hitamax minimercado, rs 14,99 [ 23/10/2015 [ 15h07. utilizado 80% limite.",14.99
"678",2015-11-25,"2015","Nov","saúde","28-10 farma",7
"679",2015-11-25,"2015","Nov","educação","06-10 passagem rj (2/4)",60
"680",2015-11-25,"2015","Nov","alimentação","17-10 feira",90
"681",2015-11-25,"2015","Nov","equipamentos","escada e mangueira  (2/2)",93.5
"682",2015-11-25,"2015","Nov","pet","04-10 fraldas (2/3)",25.66
"683",2015-11-25,"2015","Nov","saúde","remédio aline  (3/3)",25
"684",2015-11-25,"2015","Nov","corolla","manutenção corolla 190k (3/4)",193.75
"685",2015-11-25,"2015","Nov","pagamentos","uol aline (4/4)",30.5
"686",2015-11-25,"2015","Nov","equipamentos","aparelho de pressão  (3/4)",31.5
"687",2015-11-25,"2015","Nov","equipamentos","08-04 guitarra (8/8)",54
"688",2015-11-25,"2015","Nov","equipamentos","secador (5/6)",37.33
"689",2015-11-25,"2015","Nov","roupa","18-07 tênis (4/5)",52
"690",2015-11-25,"2015","Nov","beleza","cortina da sala  (8/10)",78
"691",2015-11-27,"2015","Nov","seguros","mafre",260
"692",2015-11-27,"2015","Nov","beleza","cabelo ",30
"693",2015-11-29,"2015","Nov","alimentação","feira ",8
"694",2015-11-30,"2015","Nov","moradia","conta água",62
"695",2015-12-02,"2015","Dec","lazer","02-12 almoço ",18
"696",2015-12-06,"2015","Dec","lazer","mr pretze",24
"697",2015-12-07,"2015","Dec","telefonia","netflix.com",19.9
"698",2015-12-08,"2015","Dec","telefonia","claro fixo",44
"699",2015-12-09,"2015","Dec","pagamentos","bco24h",50
"700",2015-12-10,"2015","Dec","educação","material ingles (1/3)",100
"701",2015-12-10,"2015","Dec","pagamentos","banco",48
"702",2015-12-15,"2015","Dec","educação","kung fu",120
"703",2015-12-15,"2015","Dec","saúde","convênio ",260
"704",2015-12-16,"2015","Dec","moradia","vigia",45
"705",2015-12-16,"2015","Dec","alimentação","coop capu",25.21
"706",2015-12-17,"2015","Dec","fast food","hitamax m",4.33
"707",2015-12-18,"2015","Dec","saúde","extra far",8.98
"708",2015-12-18,"2015","Dec","pagamentos","bco24h",38
"709",2015-12-19,"2015","Dec","alimentação","pagseguro ovos ",13
"710",2015-12-19,"2015","Dec","alimentação","palmito ",12
"711",2015-12-19,"2015","Dec","alimentação","hitamax",2.29
"712",2015-12-20,"2015","Dec","alimentação","hitamax",2.29
"713",2015-12-21,"2015","Dec","telefonia","vivo cel",15
"714",2015-12-21,"2015","Dec","alimentação","lichia",30
"715",2015-12-21,"2015","Dec","moradia","luz",113
"716",2015-12-22,"2015","Dec","telefonia","vivo ",80
"717",2015-12-23,"2015","Dec","pagamentos","bco24h",50
"718",2015-12-24,"2015","Dec","alimentação","padaria p",7.85
"719",2015-12-24,"2015","Dec","fast food","hitamax m",9.62
"720",2015-12-26,"2015","Dec","telefonia","tim erick & aline",100
"721",2015-12-26,"2015","Dec","investimento","pic (1/21)",82
"722",2015-12-27,"2015","Dec","seguros","mafre",260
"723",2015-12-27,"2015","Dec","beleza","cabelo ",30
"724",2015-12-28,"2015","Dec","alimentação","padaria pao paulinos",10.25
"725",2015-12-28,"2015","Dec","fast food","padaria pao paulinos",14.6
"726",2015-12-28,"2015","Dec","alimentação","sagrado coracao açougue ",27.18
"727",2015-12-28,"2015","Dec","alimentação","sacolao saude st",98.38
"728",2015-12-28,"2015","Dec","fast food","padaria pao paulinos",5.85
"729",2015-12-28,"2015","Dec","lazer","coop capuava",22.75
"730",2015-12-28,"2015","Dec","lazer","ferraz grill",22.25
"731",2015-12-28,"2015","Dec","transporte","a posto i batistucci l",123
"732",2015-12-28,"2015","Dec","presentes","fralda regiane ",44
"733",2015-12-28,"2015","Dec","alimentação","03-12 hitamax 2",12
"734",2015-12-28,"2015","Dec","alimentação","09-12 padaria",14
"735",2015-12-28,"2015","Dec","alimentação","07-12 coop",28.6
"736",2015-12-28,"2015","Dec","transporte","07-12 gasolina",121
"737",2015-12-28,"2015","Dec","fast food","padaria pao paulinos",8.8
"738",2015-12-28,"2015","Dec","saúde","drogaria central",19
"739",2015-12-28,"2015","Dec","alimentação","coop capuava",15.87
"740",2015-12-28,"2015","Dec","lazer","showcolat",15
"741",2015-12-28,"2015","Dec","transporte","gasolina ",50
"742",2015-12-28,"2015","Dec","alimentação","coop capuava",19.68
"743",2015-12-28,"2015","Dec","alimentação","hitamax",8.69
"744",2015-12-28,"2015","Dec","alimentação","sacolao saude st",110.97
"745",2015-12-28,"2015","Dec","equipamentos","mercadopago",32
"746",2015-12-28,"2015","Dec","saúde","esquina da fe",10.45
"747",2015-12-28,"2015","Dec","lazer","pastel ",16
"748",2015-12-28,"2015","Dec","alimentação","sacolao saude st",94.47
"749",2015-12-28,"2015","Dec","transporte","carrefour pso 409",115.72
"750",2015-12-28,"2015","Dec","investimento","kiloucura restaurante",17.9
"751",2015-12-28,"2015","Dec","investimento","café ",7.4
"752",2015-12-28,"2015","Dec","equipamentos","coop capuava",21.75
"753",2015-12-28,"2015","Dec","transporte","23-11 gasolina ",60
"754",2015-12-28,"2015","Dec","lazer","pizzaria donatello s",75.7
"755",2015-12-28,"2015","Dec","saúde","remédio aline ",69.58
"756",2015-12-28,"2015","Dec","alimentação","20-11 frango ",19
"757",2015-12-28,"2015","Dec","alimentação","pagsegurouol*cafelanch",12
"758",2015-12-28,"2015","Dec","alimentação","hitamax",8.19
"759",2015-12-28,"2015","Dec","alimentação","20-11 feira ",105
"760",2015-12-28,"2015","Dec","transporte","18-11 gasolina",170
"761",2015-12-28,"2015","Dec","lazer","habibs itamarati",29.15
"762",2015-12-28,"2015","Dec","alimentação","15-11 mercado ",101.52
"763",2015-12-28,"2015","Dec","educação","06-10 passagem rj (3/4)",60
"764",2015-12-28,"2015","Dec","roupa","raj k716 (2/3)",44.99
"765",2015-12-28,"2015","Dec","pet","04-10 fraldas (3/3)",25.66
"766",2015-12-28,"2015","Dec","corolla","manutenção corolla 190k (4/4)",193.75
"767",2015-12-28,"2015","Dec","roupa","18-07 tênis (5/5)",52
"768",2015-12-28,"2015","Dec","equipamentos","aparelho de pressão  (4/4)",31.5
"769",2015-12-28,"2015","Dec","beleza","cortina da sala  (9/10)",78
"770",2015-12-28,"2015","Dec","equipamentos","secador (6/6)",37.33
"771",2015-12-30,"2015","Dec","moradia","conta água",62
"772",2016-01-04,"2016","Jan","alimentação","açougue ",35
"773",2016-01-05,"2016","Jan","terceiros","gas ricardo ",15
"774",2016-01-06,"2016","Jan","corolla","reserva corolla",560
"775",2016-01-07,"2016","Jan","telefonia","netflix.com",19.9
"776",2016-01-08,"2016","Jan","alimentação","hitamax m",8.8
"777",2016-01-09,"2016","Jan","equipamentos","ferragens",8.3
"778",2016-01-09,"2016","Jan","alimentação","hitamax",5.6
"779",2016-01-10,"2016","Jan","educação","material ingles (2/3)",100
"780",2016-01-10,"2016","Jan","pagamentos","banco",48
"781",2016-01-15,"2016","Jan","educação","kung fu",120
"782",2016-01-15,"2016","Jan","saúde","convênio ",278
"783",2016-01-15,"2016","Jan","alimentação","hitamax m",11.96
"784",2016-01-16,"2016","Jan","moradia","vigia",45
"785",2016-01-16,"2016","Jan","alimentação","feira ",10
"786",2016-01-20,"2016","Jan","lazer","ferraz gr",17.18
"787",2016-01-21,"2016","Jan","moradia","luz",120
"788",2016-01-22,"2016","Jan","telefonia","vivo ",80
"789",2016-01-24,"2016","Jan","pagamentos","bco24h",80
"790",2016-01-25,"2016","Jan","fast food","pastelaria naito",16
"791",2016-01-25,"2016","Jan","lazer","ferraz grill",18.42
"792",2016-01-25,"2016","Jan","presentes","fralda celso ",46
"793",2016-01-25,"2016","Jan","equipamentos","pen drive ",37
"794",2016-01-25,"2016","Jan","transporte","carrefour pso 409",89.12
"795",2016-01-25,"2016","Jan","fast food","ramos pescados",30.19
"796",2016-01-25,"2016","Jan","alimentação","kartex descartaveis",48.5
"797",2016-01-25,"2016","Jan","alimentação","sacolao saude st",185.22
"798",2016-01-25,"2016","Jan","alimentação","coop capuava",21
"799",2016-01-25,"2016","Jan","lazer","2109 [ cinemark g",35
"800",2016-01-25,"2016","Jan","alimentação","bruti s cafe",12
"801",2016-01-25,"2016","Jan","lazer","ferraz grill",18.75
"802",2016-01-25,"2016","Jan","beleza","cortina da sala  (10/10)",78
"803",2016-01-25,"2016","Jan","educação","06-10 passagem rj (4/4)",60
"804",2016-01-25,"2016","Jan","roupa","raj k716 (3/3)",44.99
"805",2016-01-25,"2016","Jan","lazer","ferraz grill",18.34
"806",2016-01-25,"2016","Jan","transporte","a posto i batistucci l",134
"807",2016-01-25,"2016","Jan","alimentação","coop capuava",18.99
"808",2016-01-25,"2016","Jan","alimentação","assai atacadista",505
"809",2016-01-25,"2016","Jan","alimentação","sacolao saude st",85.85
"810",2016-01-25,"2016","Jan","fast food","pastelaria naito",16
"811",2016-01-25,"2016","Jan","fast food","ramos pescados",11.44
"812",2016-01-25,"2016","Jan","saúde","coop capuava farmácia ",17.65
"813",2016-01-25,"2016","Jan","transporte","auto posto miro",130.44
"814",2016-01-25,"2016","Jan","alimentação","sacolao saude st",145.52
"815",2016-01-25,"2016","Jan","transporte","auto posto miro",130.01
"816",2016-01-25,"2016","Jan","alimentação","hitamax minimercado",12.56
"817",2016-01-25,"2016","Jan","alimentação","sacolao saude st",59.65
"818",2016-01-26,"2016","Jan","telefonia","tim erick & aline",100
"819",2016-01-26,"2016","Jan","investimento","pic (2/21)",82
"820",2016-01-27,"2016","Jan","seguros","mafre",260
"821",2016-01-27,"2016","Jan","beleza","cabelo ",30
"822",2016-01-27,"2016","Jan","lazer","almoço ferraz ",25
"823",2016-01-30,"2016","Jan","moradia","conta água",62
"824",2016-02-01,"2016","Feb","corolla","reserva corolla",560
"825",2016-02-01,"2016","Feb","alimentação","atacadao",367.65
"826",2016-02-01,"2016","Feb","transporte","01-02 gasolina",30
"827",2016-02-03,"2016","Feb","lazer","ferraz gr",18.3
"828",2016-02-04,"2016","Feb","equipamentos","climatizador",67
"829",2016-02-05,"2016","Feb","roupa","otica jov",95
"830",2016-02-05,"2016","Feb","transporte","a p irmao",96
"831",2016-02-05,"2016","Feb","pagamentos","bco24h",100
"832",2016-02-06,"2016","Feb","fast food","claudio m simoes",18
"833",2016-02-07,"2016","Feb","transporte","07-02 gasolina",50
"834",2016-02-07,"2016","Feb","alimentação","07-02 feira",26
"835",2016-02-07,"2016","Feb","telefonia","netflix.com",19.9
"836",2016-02-10,"2016","Feb","educação","material ingles (3/3)",100
"837",2016-02-10,"2016","Feb","lazer","ferraz gr",19.84
"838",2016-02-10,"2016","Feb","pagamentos","banco",48
"839",2016-02-13,"2016","Feb","fast food","pizza ",30
"840",2016-02-13,"2016","Feb","pagamentos","saque ",50
"841",2016-02-15,"2016","Feb","educação","kung fu",120
"842",2016-02-15,"2016","Feb","saúde","convênio ",278
"843",2016-02-16,"2016","Feb","moradia","vigia",45
"844",2016-02-16,"2016","Feb","moradia","portão automático ",100
"845",2016-02-18,"2016","Feb","alimentação","mel",25
"846",2016-02-20,"2016","Feb","alimentação","hitamax m",5.86
"847",2016-02-20,"2016","Feb","pagamentos","bco24h",27
"848",2016-02-21,"2016","Feb","moradia","luz",120
"849",2016-02-21,"2016","Feb","alimentação","hitamax m",4.93
"850",2016-02-21,"2016","Feb","fast food","tapioca ",23
"851",2016-02-22,"2016","Feb","telefonia","vivo ",80
"852",2016-02-23,"2016","Feb","pagamentos","bco24h",100
"853",2016-02-24,"2016","Feb","lazer","ferraz gr",14.6
"854",2016-02-25,"2016","Feb","transporte","auto posto miro",135.53
"855",2016-02-25,"2016","Feb","alimentação","sacolao saude st",131.03
"856",2016-02-25,"2016","Feb","saúde","coop capuava farmácia ",161.61
"857",2016-02-25,"2016","Feb","saúde","drogaria bifarma",7.72
"858",2016-02-25,"2016","Feb","transporte","a posto i batistucci l",50
"859",2016-02-25,"2016","Feb","presentes","fralda renato ",27
"860",2016-02-25,"2016","Feb","alimentação","casa de carnes grandes",14.65
"861",2016-02-25,"2016","Feb","alimentação","coop capuava",37.82
"862",2016-02-25,"2016","Feb","transporte","carrefour pso 409",97.99
"863",2016-02-25,"2016","Feb","alimentação","sagrado coracao",27.78
"864",2016-02-25,"2016","Feb","alimentação","hitamax minimercado",10.69
"865",2016-02-25,"2016","Feb","saúde","drogaria america do su",16
"866",2016-02-25,"2016","Feb","lazer","pastelaria naito",30
"867",2016-02-25,"2016","Feb","transporte","carrefour pso 409",83.04
"868",2016-02-25,"2016","Feb","alimentação","sup cent st andre 2800",38.68
"869",2016-02-25,"2016","Feb","alimentação","frango ",30.75
"870",2016-02-25,"2016","Feb","alimentação","sacolao saude st",80.4
"871",2016-02-25,"2016","Feb","alimentação","coop capuava",42.85
"872",2016-02-25,"2016","Feb","corolla","lava rapido pohl",30
"873",2016-02-25,"2016","Feb","presentes","precolandia santo",29.9
"874",2016-02-25,"2016","Feb","presentes","lojas americanas",14.98
"875",2016-02-25,"2016","Feb","transporte","auto posto miro",52.5
"876",2016-02-25,"2016","Feb","alimentação","hitamax",12.94
"877",2016-02-25,"2016","Feb","alimentação","sacolao saude st",36.86
"878",2016-02-25,"2016","Feb","fast food","pastelaria naito",15.5
"879",2016-02-25,"2016","Feb","fast food","jin jin",20.86
"880",2016-02-25,"2016","Feb","alimentação","sup cent st andre 2800",70
"881",2016-02-25,"2016","Feb","alimentação","raia drogasil 549",7.19
"882",2016-02-25,"2016","Feb","presentes","extracom",57.99
"883",2016-02-25,"2016","Feb","roupa","roupas ",78
"884",2016-02-25,"2016","Feb","fast food","café ",4.4
"885",2016-02-25,"2016","Feb","transporte","auto posto miro",53.58
"886",2016-02-25,"2016","Feb","transporte","carrefour 409 psc",110.33
"887",2016-02-25,"2016","Feb","roupa","lojas renner fl 2",59.7
"888",2016-02-25,"2016","Feb","lazer","extra 1338",44.28
"889",2016-02-25,"2016","Feb","lazer","supermercado alvo",177
"890",2016-02-25,"2016","Feb","equipamentos","ferragens marukai ltda",25.7
"891",2016-02-25,"2016","Feb","alimentação","hitamax minimercado",12
"892",2016-02-25,"2016","Feb","transporte","carrefour pso 409",123.02
"893",2016-02-25,"2016","Feb","alimentação","sacolao saude st",145.55
"894",2016-02-25,"2016","Feb","saúde","farmácia ",132
"895",2016-02-25,"2016","Feb","alimentação","kartex descartaveis",13.4
"896",2016-02-25,"2016","Feb","alimentação","coop capuava",80.89
"897",2016-02-25,"2016","Feb","saúde","coop capuava",12.75
"898",2016-02-25,"2016","Feb","alimentação","supermercado peri",9.93
"899",2016-02-25,"2016","Feb","fast food","paes e doces mich",26.16
"900",2016-02-26,"2016","Feb","telefonia","tim erick & aline",100
"901",2016-02-26,"2016","Feb","investimento","pic (3/21)",82
"902",2016-02-27,"2016","Feb","beleza","cabelo ",30
"903",2016-02-27,"2016","Feb","seguros","mafre",260
"904",2016-02-28,"2016","Feb","moradia","conta água",62
"905",2016-03-01,"2016","Mar","pagamentos","cx itau al vieira de",30
"906",2016-03-01,"2016","Mar","pagamentos","cartório ",30
"907",2016-03-03,"2016","Mar","transporte","gasolina ",20
"908",2016-03-04,"2016","Mar","equipamentos","climatizador",67
"909",2016-03-06,"2016","Mar","corolla","reserva corolla",560
"910",2016-03-07,"2016","Mar","telefonia","netflix.com",19.9
"911",2016-03-09,"2016","Mar","lazer","ferraz gr",16.27
"912",2016-03-09,"2016","Mar","pagamentos","saque ",80
"913",2016-03-10,"2016","Mar","pagamentos","banco",48
"914",2016-03-15,"2016","Mar","educação","kung fu",120
"915",2016-03-15,"2016","Mar","saúde","convênio ",278
"916",2016-03-16,"2016","Mar","moradia","vigia",45
"917",2016-03-20,"2016","Mar","presentes","presente gabi",4.6
"918",2016-03-21,"2016","Mar","moradia","luz",120
"919",2016-03-22,"2016","Mar","telefonia","vivo ",80
"920",2016-03-25,"2016","Mar","pet","extra far",4.65
"921",2016-03-25,"2016","Mar","alimentação","padaria pao paulinos",5.8
"922",2016-03-25,"2016","Mar","investimento","kiloucura restaurante",19.86
"923",2016-03-25,"2016","Mar","investimento","uber*uber",7.26
"924",2016-03-25,"2016","Mar","alimentação","hitamax",19.22
"925",2016-03-25,"2016","Mar","transporte","carrefour 409 psc",131.5
"926",2016-03-25,"2016","Mar","alimentação","coop capuava",54.49
"927",2016-03-25,"2016","Mar","alimentação","hitamax",7.14
"928",2016-03-25,"2016","Mar","saúde","extra farma loja 18",48.63
"929",2016-03-25,"2016","Mar","saúde","coop capuava",117.42
"930",2016-03-25,"2016","Mar","alimentação","coop capuava",51.56
"931",2016-03-25,"2016","Mar","equipamentos","pipoqueira ",123.01
"932",2016-03-25,"2016","Mar","fast food","pastelaria naito",10
"933",2016-03-25,"2016","Mar","alimentação","sacolao saude st",101.78
"934",2016-03-25,"2016","Mar","fast food","ramos pescados",14.62
"935",2016-03-25,"2016","Mar","investimento","uber*uber",13.84
"936",2016-03-25,"2016","Mar","lazer","ferraz grill",16.79
"937",2016-03-25,"2016","Mar","transporte","carrefour 409 psc",121.73
"938",2016-03-25,"2016","Mar","saúde","coop capuava",15.54
"939",2016-03-25,"2016","Mar","fast food","coop capuava",13.07
"940",2016-03-25,"2016","Mar","alimentação","hitamax",18.9
"941",2016-03-25,"2016","Mar","alimentação","boutique do pao",8.8
"942",2016-03-25,"2016","Mar","alimentação","sacolao saude st",64.31
"943",2016-03-25,"2016","Mar","transporte","carrefour 409 psc",120.98
"944",2016-03-25,"2016","Mar","lazer","coop capuava",33.68
"945",2016-03-25,"2016","Mar","alimentação","hitamax",11.08
"946",2016-03-25,"2016","Mar","lazer","coop capuava",28.53
"947",2016-03-25,"2016","Mar","alimentação","padaria pao paulinos",12.55
"948",2016-03-25,"2016","Mar","alimentação","assai atacadista",428.91
"949",2016-03-25,"2016","Mar","alimentação","sup cent st andre 2800",132.52
"950",2016-03-25,"2016","Mar","lazer","pao do marques",30.2
"951",2016-03-25,"2016","Mar","alimentação","monigas com gas ltda",60
"952",2016-03-25,"2016","Mar","fast food","pastelaria naito",12.5
"953",2016-03-25,"2016","Mar","transporte","carrefour 409 psc",119.15
"954",2016-03-25,"2016","Mar","lazer","ferraz grill",19.36
"955",2016-03-25,"2016","Mar","fast food","padaria lider",12
"956",2016-03-25,"2016","Mar","alimentação","sup cent st andre 2800",74.48
"957",2016-03-25,"2016","Mar","alimentação","pao do marques",7.5
"958",2016-03-25,"2016","Mar","transporte","auto posto miro",32.5
"959",2016-03-25,"2016","Mar","corolla","monte carlo lavagem ",35
"960",2016-03-25,"2016","Mar","equipamentos","ferragens marukai ltda",20.6
"961",2016-03-25,"2016","Mar","presentes","amei bijuterias",30
"962",2016-03-25,"2016","Mar","alimentação","sup cent st andre 2800",64.96
"963",2016-03-25,"2016","Mar","transporte","carrefour pso 409",112.82
"964",2016-03-26,"2016","Mar","telefonia","tim erick & aline",100
"965",2016-03-26,"2016","Mar","investimento","pic (4/21)",82
"966",2016-03-27,"2016","Mar","seguros","mafre",260
"967",2016-03-27,"2016","Mar","beleza","cabelo ",30
"968",2016-03-29,"2016","Mar","pagamentos","saque",50
"969",2016-03-30,"2016","Mar","moradia","conta água",62
"970",2016-04-04,"2016","Apr","pagamentos","cx itau av xv de nov",120
"971",2016-04-04,"2016","Apr","equipamentos","climatizador",67
"972",2016-04-07,"2016","Apr","telefonia","netflix.com",19.9
"973",2016-04-09,"2016","Apr","alimentação","panificad",6.75
"974",2016-04-10,"2016","Apr","pagamentos","banco",48
"975",2016-04-12,"2016","Apr","equipamentos","sapato kung fu ",120
"976",2016-04-15,"2016","Apr","saúde","convênio ",278
"977",2016-04-15,"2016","Apr","educação","kung fu",120
"978",2016-04-16,"2016","Apr","moradia","vigia",45
"979",2016-04-16,"2016","Apr","alimentação","pao do ma",6.6
"980",2016-04-16,"2016","Apr","pagamentos","cx itau av itamarati",30
"981",2016-04-21,"2016","Apr","moradia","luz",120
"982",2016-04-22,"2016","Apr","telefonia","vivo ",80
"983",2016-04-26,"2016","Apr","telefonia","tim erick & aline",100
"984",2016-04-26,"2016","Apr","investimento","pic (5/21)",82
"985",2016-04-26,"2016","Apr","investimento","google play*app blauec",14.9
"986",2016-04-26,"2016","Apr","alimentação","panificadora pao",7.65
"987",2016-04-26,"2016","Apr","fast food","bk shopping abc",28.5
"988",2016-04-26,"2016","Apr","fast food","mc donalds map",23
"989",2016-04-26,"2016","Apr","alimentação","sacolao saude st",140.22
"990",2016-04-26,"2016","Apr","alimentação","palmito cia",8
"991",2016-04-26,"2016","Apr","alimentação","hitamax",7.84
"992",2016-04-26,"2016","Apr","alimentação","coop capuava",5.49
"993",2016-04-26,"2016","Apr","alimentação","pao do marques",15.45
"994",2016-04-26,"2016","Apr","investimento","uber*uber",9.32
"995",2016-04-26,"2016","Apr","investimento","uber*uber",7.61
"996",2016-04-26,"2016","Apr","transporte","carrefour 409 psc",155.5
"997",2016-04-26,"2016","Apr","equipamentos","carregador usb ",49.99
"998",2016-04-26,"2016","Apr","alimentação","panificadora pao",7.22
"999",2016-04-26,"2016","Apr","alimentação","coop capuava",40
"1000",2016-04-26,"2016","Apr","saúde","remédio joelho ",114
"1001",2016-04-26,"2016","Apr","fast food","pastelaria naito",30
"1002",2016-04-26,"2016","Apr","alimentação","sacolao saude st",67.51
"1003",2016-04-26,"2016","Apr","saúde","corpo e vida",89
"1004",2016-04-26,"2016","Apr","alimentação","sup cent st andre 2800",55.68
"1005",2016-04-26,"2016","Apr","transporte","carrefour 409 psc",171.32
"1006",2016-04-26,"2016","Apr","alimentação","coop capuava",28.56
"1007",2016-04-26,"2016","Apr","lazer","bruti s cafe",16
"1008",2016-04-26,"2016","Apr","alimentação","coop capu",25.56
"1009",2016-04-26,"2016","Apr","alimentação","hitamax minimercado",9.38
"1010",2016-04-26,"2016","Apr","alimentação","sacolao saude st",55.97
"1011",2016-04-26,"2016","Apr","alimentação","hitamax",10.24
"1012",2016-04-26,"2016","Apr","transporte","carrefour 409 psc",173.48
"1013",2016-04-26,"2016","Apr","lazer","ferraz grill",16.04
"1014",2016-04-26,"2016","Apr","alimentação","sacolao saude st",68.51
"1015",2016-04-26,"2016","Apr","equipamentos","mercpago[mlivre",218.21
"1016",2016-04-26,"2016","Apr","alimentação","hitamax minimercado",27.8
"1017",2016-04-26,"2016","Apr","alimentação","hitamax",10.28
"1018",2016-04-26,"2016","Apr","alimentação","feira ",64
"1019",2016-04-26,"2016","Apr","alimentação","ferraz grill",18.9
"1020",2016-04-26,"2016","Apr","transporte","carrefour pso 409",166.98
"1021",2016-04-26,"2016","Apr","equipamentos","carrefour sto 248",100.36
"1022",2016-04-26,"2016","Apr","pagamentos","saque ",60
"1023",2016-04-26,"2016","Apr","pagamentos","taxa banco do brasil ",15
"1024",2016-04-27,"2016","Apr","beleza","cabelo ",30
"1025",2016-04-27,"2016","Apr","seguros","mafre",260
"1026",2016-04-30,"2016","Apr","moradia","conta água",62
"1027",2016-04-30,"2016","Apr","pet","boneco ",20
"1028",2016-05-04,"2016","May","equipamentos","climatizador",67
"1029",2016-05-07,"2016","May","pagamentos","saque ",50
"1030",2016-05-09,"2016","May","pagamentos","bco24h",60
"1031",2016-05-09,"2016","May","roupa","costura ",20
"1032",2016-05-10,"2016","May","pagamentos","banco",48
"1033",2016-05-14,"2016","May","pagamentos","saque ",60
"1034",2016-05-14,"2016","May","transporte","gasolina ",20
"1035",2016-05-15,"2016","May","educação","kung fu",120
"1036",2016-05-15,"2016","May","saúde","convênio ",278
"1037",2016-05-16,"2016","May","moradia","vigia",45
"1038",2016-05-21,"2016","May","alimentação","pão ",7
"1039",2016-05-21,"2016","May","moradia","luz",120
"1040",2016-05-22,"2016","May","telefonia","vivo ",80
"1041",2016-05-25,"2016","May","transporte","gasolina ",166
"1042",2016-05-25,"2016","May","alimentação","coop capuava",8.56
"1043",2016-05-25,"2016","May","alimentação","coop capuava",64.2
"1044",2016-05-25,"2016","May","alimentação","sacolao saude st",83.42
"1045",2016-05-25,"2016","May","transporte","carrefour pso 409",175.37
"1046",2016-05-25,"2016","May","equipamentos","mercadopago",58.07
"1047",2016-05-25,"2016","May","saúde","coop capuava",54.31
"1048",2016-05-25,"2016","May","alimentação","coop capuava",35.83
"1049",2016-05-25,"2016","May","fast food","pizzaria hosana",30
"1050",2016-05-25,"2016","May","alimentação","hitamax",8.24
"1051",2016-05-25,"2016","May","alimentação","sacolao saude st",85.8
"1052",2016-05-25,"2016","May","fast food","ramos pescados",8.69
"1053",2016-05-25,"2016","May","alimentação","coop capuava",46.55
"1054",2016-05-25,"2016","May","alimentação","coop capuava",20.01
"1055",2016-05-25,"2016","May","alimentação","coop capuava",60.53
"1056",2016-05-25,"2016","May","beleza","toque de beleza",11.9
"1057",2016-05-25,"2016","May","transporte","auto posto miro",22.5
"1058",2016-05-25,"2016","May","pet","mercadopago",13.99
"1059",2016-05-25,"2016","May","transporte","carrefour pso 409",166.35
"1060",2016-05-25,"2016","May","alimentação","pao do marques",14.71
"1061",2016-05-25,"2016","May","equipamentos","mercado pago repetidor ",56.26
"1062",2016-05-25,"2016","May","alimentação","sacolao saude st",108.76
"1063",2016-05-25,"2016","May","fast food","ramos pescados",13
"1064",2016-05-25,"2016","May","roupa","riachuelo 214",109.8
"1065",2016-05-25,"2016","May","alimentação","coop capuava",12.63
"1066",2016-05-25,"2016","May","alimentação","sup cent st andre 2800",18.28
"1067",2016-05-25,"2016","May","alimentação","assai atacadista",430.14
"1068",2016-05-25,"2016","May","alimentação","casa de carnes gr",8.22
"1069",2016-05-25,"2016","May","alimentação","hitamax minimercado",18.27
"1070",2016-05-25,"2016","May","alimentação","panificad",10.97
"1071",2016-05-25,"2016","May","transporte","a p irmaos batist",34.29
"1072",2016-05-25,"2016","May","alimentação","coop capuava",67.72
"1073",2016-05-25,"2016","May","alimentação","hitamax minimercado",13.49
"1074",2016-05-25,"2016","May","transporte","carrefour pso 409",70.08
"1075",2016-05-25,"2016","May","alimentação","carrefour sto 248",50.25
"1076",2016-05-25,"2016","May","alimentação","sacolao saude st",86.93
"1077",2016-05-25,"2016","May","fast food","pizzaria brasital",50.5
"1078",2016-05-25,"2016","May","alimentação","zeca frutas frescas lt",27
"1079",2016-05-25,"2016","May","lazer","churrasco ",19
"1080",2016-05-26,"2016","May","lazer","netflix ",23
"1081",2016-05-26,"2016","May","investimento","pic (6/21)",82
"1082",2016-05-26,"2016","May","telefonia","tim erick & aline",100
"1083",2016-05-27,"2016","May","seguros","mafre",260
"1084",2016-05-27,"2016","May","beleza","cabelo ",30
"1085",2016-05-27,"2016","May","fast food","rodrisabo",12
"1086",2016-05-27,"2016","May","pagamentos","saque ",80
"1087",2016-05-30,"2016","May","moradia","conta água",62
"1088",2016-06-04,"2016","Jun","equipamentos","climatizador",67
"1089",2016-06-10,"2016","Jun","pagamentos","banco",48
"1090",2016-06-15,"2016","Jun","educação","kung fu",130
"1091",2016-06-15,"2016","Jun","saúde","convênio ",278
"1092",2016-06-16,"2016","Jun","moradia","vigia",45
"1093",2016-06-18,"2016","Jun","alimentação","pao do ma",7.33
"1094",2016-06-21,"2016","Jun","moradia","luz",120
"1095",2016-06-22,"2016","Jun","telefonia","vivo ",80
"1096",2016-06-22,"2016","Jun","pagamentos","saque",30
"1097",2016-06-22,"2016","Jun","beleza","cabelo ",30
"1098",2016-06-26,"2016","Jun","investimento","pic (7/21)",82
"1099",2016-06-26,"2016","Jun","telefonia","tim erick & aline",100
"1100",2016-06-26,"2016","Jun","lazer","netflix ",23
"1101",2016-06-27,"2016","Jun","alimentação","sacolao saude st",119.68
"1102",2016-06-27,"2016","Jun","alimentação","coop capuava",39.77
"1103",2016-06-27,"2016","Jun","alimentação","sagrado coracao",26.96
"1104",2016-06-27,"2016","Jun","transporte","carrefour pso 409",148.93
"1105",2016-06-27,"2016","Jun","alimentação","pao do marques",7.4
"1106",2016-06-27,"2016","Jun","equipamentos","ferragens marukai ltda",18.2
"1107",2016-06-27,"2016","Jun","alimentação","hitamax",17.89
"1108",2016-06-27,"2016","Jun","pet","dr hato",90
"1109",2016-06-27,"2016","Jun","alimentação","coop capuava",26.02
"1110",2016-06-27,"2016","Jun","alimentação","hitamax",17.48
"1111",2016-06-27,"2016","Jun","equipamentos","decathlon",60
"1112",2016-06-27,"2016","Jun","alimentação","sacolao saude st",79.76
"1113",2016-06-27,"2016","Jun","alimentação","coop capuava",17.66
"1114",2016-06-27,"2016","Jun","lazer","lucena bar",55
"1115",2016-06-27,"2016","Jun","lazer","lucena bar",20
"1116",2016-06-27,"2016","Jun","beleza","toque de beleza",18.2
"1117",2016-06-27,"2016","Jun","transporte","carrefour pso 409",163.68
"1118",2016-06-27,"2016","Jun","alimentação","pao do marques",6.95
"1119",2016-06-27,"2016","Jun","transporte","a p irmaos batist",85
"1120",2016-06-27,"2016","Jun","alimentação","coop capuava",38.27
"1121",2016-06-27,"2016","Jun","presentes","mercado pago cama pet ",50
"1122",2016-06-27,"2016","Jun","alimentação","coop capuava",49.28
"1123",2016-06-27,"2016","Jun","saúde","carrefour sto 248",27.24
"1124",2016-06-27,"2016","Jun","pet","pet shop kakazu, rs 39,80 [ 01/06/2016 [ 13h50. utilizado 80% limite.",39.8
"1125",2016-06-27,"2016","Jun","equipamentos","decathlon",89.97
"1126",2016-06-27,"2016","Jun","alimentação","sup cent st andre 2800",13.34
"1127",2016-06-27,"2016","Jun","alimentação","coop capuava",43.76
"1128",2016-06-27,"2016","Jun","alimentação","sacolao saude st",83.56
"1129",2016-06-27,"2016","Jun","alimentação","ramos pescados",21.9
"1130",2016-06-27,"2016","Jun","fast food","pastelaria naito",21.5
"1131",2016-06-27,"2016","Jun","equipamentos","kalunga abc plaza",55.2
"1132",2016-06-27,"2016","Jun","roupa","lojas renner fl 2",209.7
"1133",2016-06-27,"2016","Jun","transporte","carrefour pso 409",91.95
"1134",2016-06-27,"2016","Jun","saúde","coop capuava (1/3)",53.76
"1135",2016-06-27,"2016","Jun","alimentação","extra 1338",73.79
"1136",2016-06-27,"2016","Jun","alimentação","monigas",60
"1137",2016-06-27,"2016","Jun","transporte","carrefour pso 409",101.95
"1138",2016-06-27,"2016","Jun","alimentação","sacolao saude st",142.14
"1139",2016-06-27,"2016","Jun","alimentação","sacolao saude st",168.08
"1140",2016-06-27,"2016","Jun","transporte","carrefour pso 409",109.52
"1141",2016-06-27,"2016","Jun","alimentação","coop capuava",5.9
"1142",2016-06-27,"2016","Jun","saúde","coop capuava",116.95
"1143",2016-06-27,"2016","Jun","alimentação","coop capuava",31.91
"1144",2016-06-27,"2016","Jun","alimentação","hitamax minimercado",9.98
"1145",2016-06-27,"2016","Jun","seguros","mafre",260
"1146",2016-06-30,"2016","Jun","moradia","conta água",62
"1147",2016-07-04,"2016","Jul","equipamentos","climatizador",67
"1148",2016-07-08,"2016","Jul","pagamentos","saque ",25
"1149",2016-07-08,"2016","Jul","alimentação","hitamax",27.85
"1150",2016-07-09,"2016","Jul","alimentação","pao do ma",5.92
"1151",2016-07-09,"2016","Jul","pagamentos","saque ",80
"1152",2016-07-10,"2016","Jul","pagamentos","banco",48
"1153",2016-07-15,"2016","Jul","educação","kung fu",130
"1154",2016-07-15,"2016","Jul","saúde","convênio ",278
"1155",2016-07-16,"2016","Jul","moradia","vigia",45
"1156",2016-07-16,"2016","Jul","alimentação","ovos ",15
"1157",2016-07-18,"2016","Jul","pagamentos","saque ",20
"1158",2016-07-21,"2016","Jul","moradia","luz",120
"1159",2016-07-22,"2016","Jul","alimentação","hitamax",9.29
"1160",2016-07-23,"2016","Jul","alimentação","pao do ma",8.15
"1161",2016-07-23,"2016","Jul","pagamentos","cx itau av itamarati",30
"1162",2016-07-25,"2016","Jul","educação","aline amoroso esportes",99
"1163",2016-07-25,"2016","Jul","equipamentos","cec industrial",27.9
"1164",2016-07-25,"2016","Jul","alimentação","hitamax minimercado",7.88
"1165",2016-07-25,"2016","Jul","saúde","extra farma loja 18",14.93
"1166",2016-07-25,"2016","Jul","alimentação","sacolao saude st",117.15
"1167",2016-07-25,"2016","Jul","alimentação","carrefour sto 248",29.75
"1168",2016-07-25,"2016","Jul","transporte","carrefour pso 409",155.95
"1169",2016-07-25,"2016","Jul","alimentação","kartex descartaveis",30.5
"1170",2016-07-25,"2016","Jul","saúde","coop capuava (2/3)",53.76
"1171",2016-07-25,"2016","Jul","alimentação","assai atacadista",482.89
"1172",2016-07-25,"2016","Jul","alimentação","compras pão de açúcar ",475
"1173",2016-07-25,"2016","Jul","alimentação","sacolao saude st",92.55
"1174",2016-07-25,"2016","Jul","transporte","auto posto miro",30
"1175",2016-07-25,"2016","Jul","transporte","carrefour pso 409",169.73
"1176",2016-07-25,"2016","Jul","alimentação","carrefour sto 248",19.37
"1177",2016-07-25,"2016","Jul","roupa","mercado pago meias ",83.06
"1178",2016-07-25,"2016","Jul","alimentação","coop capuava",15.25
"1179",2016-07-25,"2016","Jul","lazer","bruti s cafe e lanches",12.5
"1180",2016-07-25,"2016","Jul","alimentação","pao do marques",10.34
"1181",2016-07-25,"2016","Jul","alimentação","sacolao saude st",88.82
"1182",2016-07-25,"2016","Jul","alimentação","coop capuava",39.1
"1183",2016-07-25,"2016","Jul","corolla","mercadopago (1/3)",52.04
"1184",2016-07-25,"2016","Jul","corolla","webmotors (1/3)",49.97
"1185",2016-07-25,"2016","Jul","investimento","uber*uber",7
"1186",2016-07-25,"2016","Jul","investimento","uber*uber",7.39
"1187",2016-07-25,"2016","Jul","fast food","divino fogao c t da fa",19.83
"1188",2016-07-25,"2016","Jul","transporte","carrefour 409 psc",144.05
"1189",2016-07-25,"2016","Jul","transporte","auto posto miro",30
"1190",2016-07-25,"2016","Jul","lazer","nuuvem*200775717415471",21.99
"1191",2016-07-25,"2016","Jul","saúde","extra farma loja 18",19.2
"1192",2016-07-25,"2016","Jul","equipamentos","google play*metactrl",4.99
"1193",2016-07-25,"2016","Jul","presentes","armarinhos fernan",57.6
"1194",2016-07-25,"2016","Jul","alimentação","sacolao saude st",74.67
"1195",2016-07-25,"2016","Jul","alimentação","luiz a r gois",19.2
"1196",2016-07-25,"2016","Jul","fast food","pastelaria naito",5
"1197",2016-07-26,"2016","Jul","investimento","pic (8/21)",82
"1198",2016-07-26,"2016","Jul","lazer","netflix ",23
"1199",2016-07-26,"2016","Jul","telefonia","tim erick & aline",100
"1200",2016-07-27,"2016","Jul","seguros","mafre",260
"1201",2016-07-30,"2016","Jul","moradia","conta água",62
"1202",2016-07-30,"2016","Jul","alimentação","pao do ma",7.3
"1203",2016-07-30,"2016","Jul","pagamentos","saque ",30
"1204",2016-07-30,"2016","Jul","alimentação","coop capu",19.19
"1205",2016-08-03,"2016","Aug","alimentação","coop capu",33.64
"1206",2016-08-08,"2016","Aug","alimentação","tim",10
"1207",2016-08-09,"2016","Aug","pagamentos","saque ",40
"1208",2016-08-15,"2016","Aug","saúde","convênio ",278
"1209",2016-08-15,"2016","Aug","educação","kung fu",130
"1210",2016-08-16,"2016","Aug","moradia","vigia",45
"1211",2016-08-17,"2016","Aug","pagamentos","cx itau av brasil 15",80
"1212",2016-08-21,"2016","Aug","moradia","luz",120
"1213",2016-08-21,"2016","Aug","alimentação","sebastiao",13
"1214",2016-08-24,"2016","Aug","pagamentos","cx itau av industria",60
"1215",2016-08-25,"2016","Aug","saúde","coop capuava (3/3)",53.76
"1216",2016-08-25,"2016","Aug","corolla","mercadopago (2/3)",52.04
"1217",2016-08-25,"2016","Aug","corolla","webmotors (2/3)",49.97
"1218",2016-08-25,"2016","Aug","alimentação","coop capuava",42.19
"1219",2016-08-25,"2016","Aug","alimentação","sacolao saude st",85.43
"1220",2016-08-25,"2016","Aug","saúde","extra farma loja 18",9.4
"1221",2016-08-25,"2016","Aug","equipamentos","mercadopago",24.89
"1222",2016-08-25,"2016","Aug","alimentação","coop capuava",55.16
"1223",2016-08-25,"2016","Aug","transporte","auto posto miro",35
"1224",2016-08-25,"2016","Aug","alimentação","pao do marques",7.4
"1225",2016-08-25,"2016","Aug","transporte","carrefour 409 psc",156.27
"1226",2016-08-25,"2016","Aug","equipamentos","ec*alipay",17.39
"1227",2016-08-25,"2016","Aug","alimentação","odair jose silveira co",54
"1228",2016-08-25,"2016","Aug","alimentação","coop capuava",44.44
"1229",2016-08-25,"2016","Aug","alimentação","sacolao saude st",92.11
"1230",2016-08-25,"2016","Aug","saúde","farma supercenter 4319",29.07
"1231",2016-08-25,"2016","Aug","alimentação","sup cent st andre 2800",38.66
"1232",2016-08-25,"2016","Aug","equipamentos","bateria câmera ",30
"1233",2016-08-25,"2016","Aug","alimentação","sagrado coracao",34.32
"1234",2016-08-25,"2016","Aug","alimentação","hitamax minimercado",27.16
"1235",2016-08-25,"2016","Aug","alimentação","hitamax",28.35
"1236",2016-08-25,"2016","Aug","transporte","carrefour pso 409",163.72
"1237",2016-08-25,"2016","Aug","saúde","fcia pague menos",5.05
"1238",2016-08-25,"2016","Aug","alimentação","hitamax minimercado",10.68
"1239",2016-08-25,"2016","Aug","alimentação","sacolao saude st",115.36
"1240",2016-08-25,"2016","Aug","alimentação","coop capuava",36.12
"1241",2016-08-25,"2016","Aug","pet","bebedouro ",29.8
"1242",2016-08-25,"2016","Aug","alimentação","coop capuava",47.98
"1243",2016-08-25,"2016","Aug","transporte","carrefour pso 409",167.65
"1244",2016-08-25,"2016","Aug","lazer","grao expresso",9.6
"1245",2016-08-25,"2016","Aug","alimentação","carrefour sto 248",57.14
"1246",2016-08-25,"2016","Aug","equipamentos","ferragens marukai ltda",23.2
"1247",2016-08-25,"2016","Aug","alimentação","sacolao saude st",109
"1248",2016-08-25,"2016","Aug","alimentação","coop capuava",21.29
"1249",2016-08-25,"2016","Aug","alimentação","extra 1338",42.39
"1250",2016-08-25,"2016","Aug","equipamentos","miamor",8.59
"1251",2016-08-25,"2016","Aug","transporte","auto posto miro",30
"1252",2016-08-25,"2016","Aug","alimentação","assai atacadista",125.19
"1253",2016-08-26,"2016","Aug","lazer","netflix ",23
"1254",2016-08-26,"2016","Aug","telefonia","tim erick & aline",100
"1255",2016-08-26,"2016","Aug","investimento","pic (9/21)",82
"1256",2016-08-27,"2016","Aug","telefonia","vivo ",80
"1257",2016-08-27,"2016","Aug","beleza","cabelo ",30
"1258",2016-08-27,"2016","Aug","seguros","mafre",260
"1259",2016-08-27,"2016","Aug","alimentação","pao do ma",5.89
"1260",2016-08-29,"2016","Aug","alimentação","hitamax",5.88
"1261",2016-08-30,"2016","Aug","moradia","conta água",62
"1262",2016-09-01,"2016","Sep","pagamentos","cx itau av xv de nov",120
"1263",2016-09-10,"2016","Sep","alimentação","feira ",100
"1264",2016-09-11,"2016","Sep","pagamentos","saque ",30
"1265",2016-09-11,"2016","Sep","alimentação","coop capu",100.48
"1266",2016-09-15,"2016","Sep","saúde","convênio ",278
"1267",2016-09-15,"2016","Sep","educação","kung fu",130
"1268",2016-09-20,"2016","Sep","pagamentos","saque ",70
"1269",2016-09-21,"2016","Sep","moradia","luz",120
"1270",2016-09-25,"2016","Sep","pagamentos","bco24h",80
"1271",2016-09-25,"2016","Sep","equipamentos","tim",10
"1272",2016-09-26,"2016","Sep","corolla","mercadopago (3/3)",52.04
"1273",2016-09-26,"2016","Sep","corolla","webmotors (3/3)",49.97
"1274",2016-09-26,"2016","Sep","educação","unipet (2/10)",198.9
"1275",2016-09-26,"2016","Sep","pet","pet shop dr hato (2/3)",69.3
"1276",2016-09-26,"2016","Sep","alimentação","hitamax",16.55
"1277",2016-09-26,"2016","Sep","alimentação","sacolao saude st",84.67
"1278",2016-09-26,"2016","Sep","transporte","carrefour pso 409",90.32
"1279",2016-09-26,"2016","Sep","investimento","uber*uber br aug15 3se",22.99
"1280",2016-09-26,"2016","Sep","equipamentos","loja wu lt epp",23
"1281",2016-09-26,"2016","Sep","steam","pagseguro*boacomp",14.99
"1282",2016-09-26,"2016","Sep","alimentação","coop capuava",26.54
"1283",2016-09-26,"2016","Sep","equipamentos","galaxy s6 (1/10)",199.9
"1284",2016-09-26,"2016","Sep","equipamentos","ferragens marukai ltda",24.3
"1285",2016-09-26,"2016","Sep","fast food","mc cafe-aricanduv",7
"1286",2016-09-26,"2016","Sep","alimentação","extra 1309-arican",45.41
"1287",2016-09-26,"2016","Sep","fast food","pastelaria naito",21.5
"1288",2016-09-26,"2016","Sep","alimentação","sacolao saude st",58.65
"1289",2016-09-26,"2016","Sep","pet","pet shop dr hato",70.7
"1290",2016-09-26,"2016","Sep","transporte","carrefour pso 409",102.49
"1291",2016-09-26,"2016","Sep","alimentação","carrefour sto 248",47.64
"1292",2016-09-26,"2016","Sep","fast food","espiga lanches",16
"1293",2016-09-26,"2016","Sep","alimentação","coop capuava",34.61
"1294",2016-09-26,"2016","Sep","transporte","gasolina ",32
"1295",2016-09-26,"2016","Sep","pet","pet shop kakazu",22.75
"1296",2016-09-26,"2016","Sep","fast food","espiga lanches",18.5
"1297",2016-09-26,"2016","Sep","fast food","pao do marques",25.4
"1298",2016-09-26,"2016","Sep","transporte","a p irmaos batist",33.99
"1299",2016-09-26,"2016","Sep","transporte","carrefour pso 409",91.62
"1300",2016-09-26,"2016","Sep","alimentação","sacolao saude st",126.1
"1301",2016-09-26,"2016","Sep","saúde","coop capuava",93.59
"1302",2016-09-26,"2016","Sep","saúde","esquina da fe",15.55
"1303",2016-09-26,"2016","Sep","alimentação","coop capuava",59.63
"1304",2016-09-26,"2016","Sep","transporte","carrefour pso 409",88.47
"1305",2016-09-26,"2016","Sep","alimentação","sacolao saude st",46.81
"1306",2016-09-26,"2016","Sep","investimento","facebk*jbleeasrn2",30.58
"1307",2016-09-26,"2016","Sep","fast food","mc donalds gi2",20.5
"1308",2016-09-26,"2016","Sep","lazer","estapar aero guarulhos",32
"1309",2016-09-26,"2016","Sep","saúde","coop capuava",29.27
"1310",2016-09-26,"2016","Sep","alimentação","panificad",10
"1311",2016-09-26,"2016","Sep","pet","pet shop kakazu",47
"1312",2016-09-26,"2016","Sep","transporte","carrefour pso 409",89.36
"1313",2016-09-26,"2016","Sep","fast food","wilson cardoso",45
"1314",2016-09-26,"2016","Sep","alimentação","mercadinho a mine",11.48
"1315",2016-09-26,"2016","Sep","pet","lord s dog",160
"1316",2016-09-26,"2016","Sep","transporte","shell",32
"1317",2016-09-26,"2016","Sep","saúde"," extra farma loja 18 ",11.8
"1318",2016-09-26,"2016","Sep","transporte"," a posto i batistucci l ",38
"1319",2016-09-26,"2016","Sep","lazer","netflix ",23
"1320",2016-09-26,"2016","Sep","telefonia","tim erick & aline",100
"1321",2016-09-26,"2016","Sep","investimento","pic (10/21)",82
"1322",2016-09-27,"2016","Sep","telefonia","vivo ",80
"1323",2016-09-27,"2016","Sep","beleza","cabelo ",30
"1324",2016-09-27,"2016","Sep","seguros","mafre",260
"1325",2016-09-30,"2016","Sep","moradia","conta água",62
"1326",2016-10-01,"2016","Oct","alimentação","hitamax m",11.19
"1327",2016-10-09,"2016","Oct","alimentação","padaria p",5.3
"1328",2016-10-11,"2016","Oct","telefonia","recarga de telefone celular (11) xxxxx-2922 no",10
"1329",2016-10-12,"2016","Oct","alimentação","padaria p",5.35
"1330",2016-10-12,"2016","Oct","fast food","rodrisabo",12
"1331",2016-10-15,"2016","Oct","educação","kung fu",130
"1332",2016-10-15,"2016","Oct","saúde","convênio ",278
"1333",2016-10-16,"2016","Oct","moradia","vigia",45
"1334",2016-10-19,"2016","Oct","fast food","açaí ",20
"1335",2016-10-21,"2016","Oct","moradia","luz",120
"1336",2016-10-22,"2016","Oct","alimentação","padaria p",12.9
"1337",2016-10-25,"2016","Oct","transporte"," carrefour pso 409 ",62.5
"1338",2016-10-25,"2016","Oct","alimentação"," carrefour sto 248 ",65.31
"1339",2016-10-25,"2016","Oct","alimentação"," boutique do pao ",5.98
"1340",2016-10-25,"2016","Oct","seguros"," serasa ",19.9
"1341",2016-10-25,"2016","Oct","alimentação"," padaria pao paulinos ",8.9
"1342",2016-10-25,"2016","Oct","alimentação"," sacolao saude st ",110.31
"1343",2016-10-25,"2016","Oct","lazer"," nivaldo ferreira ",65
"1344",2016-10-25,"2016","Oct","transporte"," a p irmaos batist ",50.98
"1345",2016-10-25,"2016","Oct","transporte"," a p irmaos batist ",50.98
"1346",2016-10-25,"2016","Oct","alimentação"," hitamax ",27.96
"1347",2016-10-25,"2016","Oct","roupa"," toalhas de mesa ",97.6
"1348",2016-10-25,"2016","Oct","transporte","auto posto miro",34.99
"1349",2016-10-25,"2016","Oct","lazer","japonês 5 anos ",164.12
"1350",2016-10-25,"2016","Oct","alimentação","hitamax",7.16
"1351",2016-10-25,"2016","Oct","alimentação","delivery ex morum",503.63
"1352",2016-10-25,"2016","Oct","alimentação"," sacolao saude st ",107.16
"1353",2016-10-25,"2016","Oct","transporte"," carrefour pso 409 ",85.07
"1354",2016-10-25,"2016","Oct","alimentação","hitamax m",7.48
"1355",2016-10-25,"2016","Oct","steam","pagseguro*boacomp",25
"1356",2016-10-25,"2016","Oct","alimentação","boutique",6.95
"1357",2016-10-25,"2016","Oct","equipamentos","ferragens marukai ltda",62.5
"1358",2016-10-25,"2016","Oct","transporte","carrefour pso 409",91.77
"1359",2016-10-25,"2016","Oct","alimentação"," sacolao saude st ",122
"1360",2016-10-25,"2016","Oct","alimentação","sagrado coracao",49.49
"1361",2016-10-25,"2016","Oct","alimentação","hitamax minimercado",11.67
"1362",2016-10-25,"2016","Oct","transporte","gasolina ",50
"1363",2016-10-25,"2016","Oct","alimentação","coop capuava",32.54
"1364",2016-10-25,"2016","Oct","transporte","carrefour pso 409",93.41
"1365",2016-10-25,"2016","Oct","alimentação","sacolao saude st",112.36
"1366",2016-10-25,"2016","Oct","pagamentos","bco24h",80
"1367",2016-10-25,"2016","Oct","transporte"," a p irmaos batist ",36.28
"1368",2016-10-26,"2016","Oct","telefonia","tim erick & aline",100
"1369",2016-10-26,"2016","Oct","lazer","netflix ",23
"1370",2016-10-26,"2016","Oct","investimento","pic (11/21)",82
"1371",2016-10-27,"2016","Oct","beleza","cabelo ",30
"1372",2016-10-27,"2016","Oct","seguros","mafre",260
"1373",2016-10-27,"2016","Oct","telefonia","vivo ",80
"1374",2016-10-27,"2016","Oct","pagamentos","saque ",20
"1375",2016-10-29,"2016","Oct","alimentação","padaria p",6.35
"1376",2016-10-30,"2016","Oct","moradia","conta água",62
"1377",2016-10-30,"2016","Oct","pagamentos","bco24h",80
"1378",2016-10-31,"2016","Oct","alimentação","gás ",56
"1379",2016-11-02,"2016","Nov","alimentação","padaria p",8.9
"1380",2016-11-04,"2016","Nov","transporte","a p irmao",143
"1381",2016-11-04,"2016","Nov","alimentação","sup cent",22.07
"1382",2016-11-06,"2016","Nov","alimentação","padaria p",9.17
"1383",2016-11-07,"2016","Nov","pagamentos","saque ",40
"1384",2016-11-08,"2016","Nov","seguros","seguro fiesta",132
"1385",2016-11-12,"2016","Nov","alimentação","padaria p",9.75
"1386",2016-11-12,"2016","Nov","transporte","gasolina ",50
"1387",2016-11-15,"2016","Nov","saúde","convênio ",278
"1388",2016-11-15,"2016","Nov","educação","kung fu",130
"1389",2016-11-16,"2016","Nov","moradia","vigia",45
"1390",2016-11-20,"2016","Nov","alimentação","panificad",10.3
"1391",2016-11-20,"2016","Nov","alimentação","padaria p",5.69
"1392",2016-11-21,"2016","Nov","moradia","luz",120
"1393",2016-11-23,"2016","Nov","alimentação","coop capu",39.42
"1394",2016-11-25,"2016","Nov","equipamentos"," mercadopago ",21
"1395",2016-11-25,"2016","Nov","alimentação"," hitamax minimercado ",22.17
"1396",2016-11-25,"2016","Nov","saúde"," coop capuava ",44.11
"1397",2016-11-25,"2016","Nov","transporte"," auto posto estrela das ",20
"1398",2016-11-25,"2016","Nov","saúde"," coop capuava ",75.51
"1399",2016-11-25,"2016","Nov","presentes"," armarinhos fernan ",88.8
"1400",2016-11-25,"2016","Nov","fast food"," pizzaria brasital ",48.5
"1401",2016-11-25,"2016","Nov","alimentação"," mercadinho a mine ",22.31
"1402",2016-11-25,"2016","Nov","transporte"," a p irmaos batist ",101
"1403",2016-11-25,"2016","Nov","fast food"," pastelaria naito ",22.5
"1404",2016-11-25,"2016","Nov","alimentação"," sacolao saude st ",79.73
"1405",2016-11-25,"2016","Nov","equipamentos"," capa celular ",24.13
"1406",2016-11-25,"2016","Nov","transporte"," a p irmaos batist ",50
"1407",2016-11-25,"2016","Nov","alimentação"," coop capuava ",29.59
"1408",2016-11-25,"2016","Nov","transporte"," a p irmaos batist ",34.49
"1409",2016-11-25,"2016","Nov","saúde"," coop capuava ",53.39
"1410",2016-11-25,"2016","Nov","fast food"," pastelaria naito ",16
"1411",2016-11-25,"2016","Nov","alimentação"," sacolao saude st ",54.16
"1412",2016-11-25,"2016","Nov","alimentação"," kiloucura restaurante ",20.35
"1413",2016-11-25,"2016","Nov","saúde"," drogaria esquina da fe ",22.12
"1414",2016-11-25,"2016","Nov","saúde"," drogaria america ",30
"1415",2016-11-25,"2016","Nov","alimentação"," coop capuava ",34.89
"1416",2016-11-25,"2016","Nov","equipamentos","capa celular ",43
"1417",2016-11-25,"2016","Nov","transporte","carrefour pso 409",101.81
"1418",2016-11-25,"2016","Nov","alimentação","sacolao saude st",60.59
"1419",2016-11-25,"2016","Nov","alimentação","palmito c",10
"1420",2016-11-25,"2016","Nov","alimentação","coop capuava",29.81
"1421",2016-11-25,"2016","Nov","fast food","habib s",15.5
"1422",2016-11-25,"2016","Nov","alimentação","coop capuava",19.84
"1423",2016-11-25,"2016","Nov","steam","pagseguro*boacomp",12.5
"1424",2016-11-25,"2016","Nov","alimentação","coop capuava",20.05
"1425",2016-11-25,"2016","Nov","alimentação","delivery ex morum",446.86
"1426",2016-11-25,"2016","Nov","fast food","pagsegurouol*salincleb",36.08
"1427",2016-11-25,"2016","Nov","alimentação","sacolao saude st",67.91
"1428",2016-11-25,"2016","Nov","alimentação","pao do marques",12.28
"1429",2016-11-25,"2016","Nov","alimentação","sagrado coracao",43.34
"1430",2016-11-25,"2016","Nov","alimentação","hitamax",17.37
"1431",2016-11-25,"2016","Nov","equipamentos","ferragens marukai ltda",11.6
"1432",2016-11-25,"2016","Nov","fast food","rodrisabor sorvet",12
"1433",2016-11-25,"2016","Nov","roupa","lojas renner fl 2",25.9
"1434",2016-11-25,"2016","Nov","roupa","extra 1338",158.35
"1435",2016-11-25,"2016","Nov","fast food","churrascaria lanc",16.5
"1436",2016-11-25,"2016","Nov","alimentação","coop capuava",28.82
"1437",2016-11-25,"2016","Nov","transporte","auto posto miro",49.97
"1438",2016-11-25,"2016","Nov","equipamentos","ec*alipay",167.59
"1439",2016-11-25,"2016","Nov","fast food","padaria l",11.5
"1440",2016-11-25,"2016","Nov","alimentação","padaria p",8.4
"1441",2016-11-25,"2016","Nov","pagamentos","estapar aero guarulhos",18
"1442",2016-11-25,"2016","Nov","alimentação","sacolao saude st",69.12
"1443",2016-11-25,"2016","Nov","transporte","carrefour pso 409",93.64
"1444",2016-11-25,"2016","Nov","alimentação","sup cent",123.37
"1445",2016-11-25,"2016","Nov","saúde","farma sup",9.72
"1446",2016-11-26,"2016","Nov","telefonia","tim erick & aline",100
"1447",2016-11-26,"2016","Nov","lazer","netflix ",23
"1448",2016-11-26,"2016","Nov","investimento","pic (12/21)",82
"1449",2016-11-27,"2016","Nov","seguros","mafre",260
"1450",2016-11-27,"2016","Nov","beleza","cabelo ",30
"1451",2016-11-27,"2016","Nov","telefonia","vivo ",80
"1452",2016-11-28,"2016","Nov","terceiros"," faxina ",100
"1453",2016-11-30,"2016","Nov","moradia","conta água",62
"1454",2016-12-05,"2016","Dec","moradia","faxina ",200
"1455",2016-12-08,"2016","Dec","seguros","seguro fiesta",132
"1456",2016-12-10,"2016","Dec","alimentação","padaria p",9.15
"1457",2016-12-15,"2016","Dec","educação","kung fu",130
"1458",2016-12-15,"2016","Dec","saúde","convênio ",278
"1459",2016-12-15,"2016","Dec","alimentação","jacques d",7.2
"1460",2016-12-16,"2016","Dec","pagamentos","vigia",90
"1461",2016-12-21,"2016","Dec","moradia","luz",120
"1462",2016-12-26,"2016","Dec","pagamentos","saque ",40
"1463",2016-12-26,"2016","Dec","equipamentos","copafer lj 2",69.9
"1464",2016-12-26,"2016","Dec","alimentação","coop capuava",65.72
"1465",2016-12-26,"2016","Dec","presentes","celular ru  (1/10)",10
"1466",2016-12-26,"2016","Dec","alimentação","sup cent st andre 2800",39.54
"1467",2016-12-26,"2016","Dec","presentes","a nossa banca",27.89
"1468",2016-12-26,"2016","Dec","presentes","a nossa banca",28.8
"1469",2016-12-26,"2016","Dec","fast food","pastelaria naito",10.5
"1470",2016-12-26,"2016","Dec","transporte","carrefour pso 409",112.59
"1471",2016-12-26,"2016","Dec","alimentação","coop capuava",53.81
"1472",2016-12-26,"2016","Dec","fast food","ferraz grill",61.5
"1473",2016-12-26,"2016","Dec","transporte","carrefour pso 409",85.57
"1474",2016-12-26,"2016","Dec","steam","nuuvem*201133614083311",17.99
"1475",2016-12-26,"2016","Dec","alimentação","coop capuava",25.17
"1476",2016-12-26,"2016","Dec","alimentação","drogaria sao paulo sa",59.49
"1477",2016-12-26,"2016","Dec","alimentação","coop capuava",46.5
"1478",2016-12-26,"2016","Dec","investimento","uber*uber br nov29 kqh",13.45
"1479",2016-12-26,"2016","Dec","fast food","kiloucura restaur",24.53
"1480",2016-12-26,"2016","Dec","alimentação","palmito cia",19
"1481",2016-12-26,"2016","Dec","alimentação","sacolao saude st",89.54
"1482",2016-12-26,"2016","Dec","fast food","pastelaria naito",13.5
"1483",2016-12-26,"2016","Dec","transporte","auto posto miro",35
"1484",2016-12-26,"2016","Dec","alimentação","coop capuava",14.54
"1485",2016-12-26,"2016","Dec","alimentação","sup cent st andre 2800",82.25
"1486",2016-12-26,"2016","Dec","alimentação","sagrado coracao",54.82
"1487",2016-12-26,"2016","Dec","alimentação","hitamax",10.28
"1488",2016-12-26,"2016","Dec","alimentação","coop capuava",49.13
"1489",2016-12-26,"2016","Dec","transporte","a p irmaos batist",128.03
"1490",2016-12-26,"2016","Dec","alimentação","coop capuava",34.32
"1491",2016-12-26,"2016","Dec","alimentação","jacques de almeid",12
"1492",2016-12-26,"2016","Dec","fast food","pizzaria brasital",47
"1493",2016-12-26,"2016","Dec","transporte","carrefour pso 409",81.15
"1494",2016-12-26,"2016","Dec","alimentação","sacolao saude st",165.9
"1495",2016-12-26,"2016","Dec","transporte","a p irmaos batist",50
"1496",2016-12-26,"2016","Dec","telefonia","tim erick & aline",100
"1497",2016-12-26,"2016","Dec","lazer","netflix ",23
"1498",2016-12-26,"2016","Dec","investimento","pic (13/21)",82
"1499",2016-12-26,"2016","Dec","alimentação","padaria p",5.95
"1500",2016-12-27,"2016","Dec","seguros","mafre",260
"1501",2016-12-27,"2016","Dec","beleza","cabelo ",30
"1502",2016-12-27,"2016","Dec","telefonia","vivo ",80
"1503",2016-12-28,"2016","Dec","corolla","lava rápido",20
"1504",2016-12-28,"2016","Dec","pagamentos","saque",80
"1505",2016-12-30,"2016","Dec","moradia","conta água",62
