"Status","Date","Description","Category","Account","Amount",""
"","30 December 2016","conta água","Moradia","","$62.00",""
"","28 December 2016","Saque","Pagamentos","","$80.00",""
"","28 December 2016","Lava rápido","Corolla","","$20.00",""
"","27 December 2016","mafre","seguros","","$260.00",""
"","27 December 2016","Cabelo","beleza","","$30.00",""
"","27 December 2016","Vivo","telefonia","","$80.00",""
"","26 December 2016","PADARIA P","Alimentação","","$5.95",""
"","26 December 2016","PIC (13/21)","investimento","","$82.00",""
"","26 December 2016","Saque","Pagamentos","","$40.00",""
"","26 December 2016","COPAFER LJ 2","Equipamentos","","$69.90",""
"","26 December 2016","COOP CAPUAVA","Alimentação","","$65.72",""
"","26 December 2016","Celular Ru  (1/10)","presentes","","$10.00",""
"","26 December 2016","SUP CENT ST ANDRE 2800","Alimentação","","$39.54",""
"","26 December 2016","A NOSSA BANCA","presentes","","$27.89",""
"","26 December 2016","A NOSSA BANCA","presentes","","$28.80",""
"","26 December 2016","PASTELARIA NAITO","fast food","","$10.50",""
"","26 December 2016","CARREFOUR PSO 409","Transporte","","$112.59",""
"","26 December 2016","COOP CAPUAVA","Alimentação","","$53.81",""
"","26 December 2016","FERRAZ GRILL","fast food","","$61.50",""
"","26 December 2016","CARREFOUR PSO 409","Transporte","","$85.57",""
"","26 December 2016","NUUVEM*201133614083311","Steam","","$17.99",""
"","26 December 2016","COOP CAPUAVA","Alimentação","","$25.17",""
"","26 December 2016","DROGARIA SAO PAULO SA","Alimentação","","$59.49",""
"","26 December 2016","COOP CAPUAVA","Alimentação","","$46.50",""
"","26 December 2016","UBER*UBER BR NOV29 KQH","investimento","","$13.45",""
"","26 December 2016","KILOUCURA RESTAUR","fast food","","$24.53",""
"","26 December 2016","PALMITO CIA","Alimentação","","$19.00",""
"","26 December 2016","SACOLAO SAUDE ST","Alimentação","","$89.54",""
"","26 December 2016","PASTELARIA NAITO","fast food","","$13.50",""
"","26 December 2016","AUTO POSTO MIRO","Transporte","","$35.00",""
"","26 December 2016","COOP CAPUAVA","Alimentação","","$14.54",""
"","26 December 2016","SUP CENT ST ANDRE 2800","Alimentação","","$82.25",""
"","26 December 2016","SAGRADO CORACAO","Alimentação","","$54.82",""
"","26 December 2016","HITAMAX","Alimentação","","$10.28",""
"","26 December 2016","COOP CAPUAVA","Alimentação","","$49.13",""
"","26 December 2016","A P IRMAOS BATIST","Transporte","","$128.03",""
"","26 December 2016","COOP CAPUAVA","Alimentação","","$34.32",""
"","26 December 2016","JACQUES DE ALMEID","Alimentação","","$12.00",""
"","26 December 2016","PIZZARIA BRASITAL","fast food","","$47.00",""
"","26 December 2016","CARREFOUR PSO 409","Transporte","","$81.15",""
"","26 December 2016","SACOLAO SAUDE ST","Alimentação","","$165.90",""
"","26 December 2016","A P IRMAOS BATIST","Transporte","","$50.00",""
"","26 December 2016","TIM Erick & Aline","telefonia","","$100.00",""
"","26 December 2016","Netflix","Lazer","","$23.00",""
"","21 December 2016","luz","Moradia","","$120.00",""
"","16 December 2016","vigia","Pagamentos","","$90.00",""
"","15 December 2016","JACQUES D","Alimentação","","$7.20",""
"","15 December 2016","kung fu","Educação","","$130.00",""
"","15 December 2016","convênio","Saúde","","$278.00",""
"","10 December 2016","PADARIA P","Alimentação","","$9.15",""
"","08 December 2016","seguro fiesta","Corolla","","$132.00",""
"","05 December 2016","Faxina","Moradia","","$200.00",""
"","01 December 2016","Previsão Farmácia","Saúde","","$60.00",""
"","30 November 2016","conta água","Moradia","","$62.00",""
"","28 November 2016","Faxina","terceiros","","$100.00",""
"","27 November 2016","mafre","seguros","","$260.00",""
"","27 November 2016","Cabelo","beleza","","$30.00",""
"","27 November 2016","Vivo","telefonia","","$80.00",""
"","26 November 2016","PIC (12/21)","investimento","","$82.00",""
"","26 November 2016","TIM Erick & Aline","telefonia","","$100.00",""
"","26 November 2016","Netflix","Lazer","","$23.00",""
"","25 November 2016","MERCADOPAGO","Equipamentos","","$21.00",""
"","25 November 2016","HITAMAX MINIMERCADO","Alimentação","","$22.17",""
"","25 November 2016","COOP CAPUAVA","Saúde","","$44.11",""
"","25 November 2016","AUTO POSTO ESTRELA DAS","Transporte","","$20.00",""
"","25 November 2016","COOP CAPUAVA","Saúde","","$75.51",""
"","25 November 2016","ARMARINHOS FERNAN","presentes","","$88.80",""
"","25 November 2016","PIZZARIA BRASITAL","fast food","","$48.50",""
"","25 November 2016","MERCADINHO A MINE","Alimentação","","$22.31",""
"","25 November 2016","A P IRMAOS BATIST","Transporte","","$101.00",""
"","25 November 2016","PASTELARIA NAITO","fast food","","$22.50",""
"","25 November 2016","SACOLAO SAUDE ST","Alimentação","","$79.73",""
"","25 November 2016","Capa celular","Equipamentos","","$24.13",""
"","25 November 2016","A P IRMAOS BATIST","Transporte","","$50.00",""
"","25 November 2016","COOP CAPUAVA","Alimentação","","$29.59",""
"","25 November 2016","A P IRMAOS BATIST","Transporte","","$34.49",""
"","25 November 2016","COOP CAPUAVA","Saúde","","$53.39",""
"","25 November 2016","PASTELARIA NAITO","fast food","","$16.00",""
"","25 November 2016","SACOLAO SAUDE ST","Alimentação","","$54.16",""
"","25 November 2016","KILOUCURA RESTAURANTE","Alimentação","","$20.35",""
"","25 November 2016","DROGARIA ESQUINA DA FE","Saúde","","$22.12",""
"","25 November 2016","DROGARIA AMERICA","Saúde","","$30.00",""
"","25 November 2016","COOP CAPUAVA","Alimentação","","$34.89",""
"","25 November 2016","capa celular","Equipamentos","","$43.00",""
"","25 November 2016","CARREFOUR PSO 409","Transporte","","$101.81",""
"","25 November 2016","SACOLAO SAUDE ST","Alimentação","","$60.59",""
"","25 November 2016","PALMITO C","Alimentação","","$10.00",""
"","25 November 2016","COOP CAPUAVA","Alimentação","","$29.81",""
"","25 November 2016","HABIB S","fast food","","$15.50",""
"","25 November 2016","COOP CAPUAVA","Alimentação","","$19.84",""
"","25 November 2016","PAGSEGURO*BoaComp","Steam","","$12.50",""
"","25 November 2016","COOP CAPUAVA","Alimentação","","$20.05",""
"","25 November 2016","DELIVERY EX MORUM","Alimentação","","$446.86",""
"","25 November 2016","PAGSEGUROUOL*salincleb","fast food","","$36.08",""
"","25 November 2016","SACOLAO SAUDE ST","Alimentação","","$67.91",""
"","25 November 2016","PAO DO MARQUES","Alimentação","","$12.28",""
"","25 November 2016","SAGRADO CORACAO","Alimentação","","$43.34",""
"","25 November 2016","HITAMAX","Alimentação","","$17.37",""
"","25 November 2016","FERRAGENS MARUKAI LTDA","Equipamentos","","$11.60",""
"","25 November 2016","RODRISABOR SORVET","fast food","","$12.00",""
"","25 November 2016","LOJAS RENNER FL 2","Roupa","","$25.90",""
"","25 November 2016","EXTRA 1338","Roupa","","$158.35",""
"","25 November 2016","CHURRASCARIA LANC","fast food","","$16.50",""
"","25 November 2016","COOP CAPUAVA","Alimentação","","$28.82",""
"","25 November 2016","AUTO POSTO MIRO","Transporte","","$49.97",""
"","25 November 2016","EC*ALIPAY","Equipamentos","","$167.59",""
"","25 November 2016","PADARIA L","fast food","","$11.50",""
"","25 November 2016","PADARIA P","Alimentação","","$8.40",""
"","25 November 2016","ESTAPAR AERO GUARULHOS","Pagamentos","","$18.00",""
"","25 November 2016","SACOLAO SAUDE ST","Alimentação","","$69.12",""
"","25 November 2016","CARREFOUR PSO 409","Transporte","","$93.64",""
"","25 November 2016","SUP CENT","Alimentação","","$123.37",""
"","25 November 2016","FARMA SUP","Saúde","","$9.72",""
"","23 November 2016","COOP CAPU","Alimentação","","$39.42",""
"","21 November 2016","luz","Moradia","","$120.00",""
"","20 November 2016","PADARIA P","Alimentação","","$5.69",""
"","20 November 2016","PANIFICAD","Alimentação","","$10.30",""
"","16 November 2016","vigia","Moradia","","$45.00",""
"","15 November 2016","convênio","Saúde","","$278.00",""
"","15 November 2016","kung fu","Educação","","$130.00",""
"","12 November 2016","Gasolina","Transporte","","$50.00",""
"","12 November 2016","PADARIA P","Alimentação","","$9.75",""
"","08 November 2016","seguro fiesta","Corolla","","$132.00",""
"","07 November 2016","Saque","Pagamentos","","$40.00",""
"","06 November 2016","PADARIA P","Alimentação","","$9.17",""
"","04 November 2016","SUP CENT","Alimentação","","$22.07",""
"","04 November 2016","A P IRMAO","Transporte","","$143.00",""
"","02 November 2016","PADARIA P","Alimentação","","$8.90",""
"","31 October 2016","Gás","Alimentação","","$56.00",""
"","30 October 2016","BCO24H","Pagamentos","","$80.00",""
"","30 October 2016","conta água","Moradia","","$62.00",""
"","29 October 2016","PADARIA P","Alimentação","","$6.35",""
"","27 October 2016","Saque","Pagamentos","","$20.00",""
"","27 October 2016","Cabelo","beleza","","$30.00",""
"","27 October 2016","mafre","seguros","","$260.00",""
"","27 October 2016","Vivo","telefonia","","$80.00",""
"","26 October 2016","PIC (11/21)","investimento","","$82.00",""
"","26 October 2016","TIM Erick & Aline","telefonia","","$100.00",""
"","26 October 2016","Netflix","Lazer","","$23.00",""
"","25 October 2016","CARREFOUR PSO 409","Transporte","","$62.50",""
"","25 October 2016","CARREFOUR STO 248","Alimentação","","$65.31",""
"","25 October 2016","BOUTIQUE DO PAO","Alimentação","","$5.98",""
"","25 October 2016","SERASA","seguros","","$19.90",""
"","25 October 2016","PADARIA PAO PAULINOS","Alimentação","","$8.90",""
"","25 October 2016","SACOLAO SAUDE ST","Alimentação","","$110.31",""
"","25 October 2016","NIVALDO FERREIRA","Lazer","","$65.00",""
"","25 October 2016","A P IRMAOS BATIST","Transporte","","$50.98",""
"","25 October 2016","A P IRMAOS BATIST","Transporte","","$50.98",""
"","25 October 2016","HITAMAX","Alimentação","","$27.96",""
"","25 October 2016","Toalhas de mesa","Roupa","","$97.60",""
"","25 October 2016","AUTO POSTO MIRO","Transporte","","$34.99",""
"","25 October 2016","Japonês 5 anos","Lazer","","$164.12",""
"","25 October 2016","HITAMAX","Alimentação","","$7.16",""
"","25 October 2016","DELIVERY EX MORUM","Alimentação","","$503.63",""
"","25 October 2016","SACOLAO SAUDE ST","Alimentação","","$107.16",""
"","25 October 2016","CARREFOUR PSO 409","Transporte","","$85.07",""
"","25 October 2016","HITAMAX M","Alimentação","","$7.48",""
"","25 October 2016","PAGSEGURO*BoaComp","Steam","","$25.00",""
"","25 October 2016","BOUTIQUE","Alimentação","","$6.95",""
"","25 October 2016","FERRAGENS MARUKAI LTDA","Equipamentos","","$62.50",""
"","25 October 2016","CARREFOUR PSO 409","Transporte","","$91.77",""
"","25 October 2016","SACOLAO SAUDE ST","Alimentação","","$122.00",""
"","25 October 2016","SAGRADO CORACAO","Alimentação","","$49.49",""
"","25 October 2016","HITAMAX MINIMERCADO","Alimentação","","$11.67",""
"","25 October 2016","Gasolina","Transporte","","$50.00",""
"","25 October 2016","COOP CAPUAVA","Alimentação","","$32.54",""
"","25 October 2016","CARREFOUR PSO 409","Transporte","","$93.41",""
"","25 October 2016","SACOLAO SAUDE ST","Alimentação","","$112.36",""
"","25 October 2016","BCO24H","Pagamentos","","$80.00",""
"","25 October 2016","A P IRMAOS BATIST","Transporte","","$36.28",""
"","22 October 2016","PADARIA P","Alimentação","","$12.90",""
"","21 October 2016","luz","Moradia","","$120.00",""
"","19 October 2016","Açaí","fast food","","$20.00",""
"","16 October 2016","vigia","Moradia","","$45.00",""
"","15 October 2016","kung fu","Educação","","$130.00",""
"","15 October 2016","convênio","Saúde","","$278.00",""
"","12 October 2016","RODRISABO","fast food","","$12.00",""
"","12 October 2016","PADARIA P","Alimentação","","$5.35",""
"","11 October 2016","Recarga de telefone celular (11) XXXXX-2922 no","telefonia","","$10.00",""
"","09 October 2016","PADARIA P","Alimentação","","$5.30",""
"","08 October 2016","seguro fiesta","Corolla","","$132.00",""
"","01 October 2016","HITAMAX M","Alimentação","","$11.19",""
"","30 September 2016","conta água","Moradia","","$62.00",""
"","27 September 2016","Vivo","telefonia","","$80.00",""
"","27 September 2016","Cabelo","beleza","","$30.00",""
"","27 September 2016","mafre","seguros","","$260.00",""
"","26 September 2016","PIC (10/21)","investimento","","$82.00",""
"","26 September 2016","MERCADOPAGO (3/3)","Corolla","","$52.04",""
"","26 September 2016","WEBMOTORS (3/3)","Corolla","","$49.97",""
"","26 September 2016","UNIPET (2/10)","Educação","","$198.90",""
"","26 September 2016","PET SHOP DR HATO (2/3)","PET","","$69.30",""
"","26 September 2016","HITAMAX","Alimentação","","$16.55",""
"","26 September 2016","SACOLAO SAUDE ST","Alimentação","","$84.67",""
"","26 September 2016","CARREFOUR PSO 409","Transporte","","$90.32",""
"","26 September 2016","UBER*UBER BR AUG15 3SE","investimento","","$22.99",""
"","26 September 2016","LOJA WU LT EPP","Equipamentos","","$23.00",""
"","26 September 2016","PAGSEGURO*BoaComp","Steam","","$14.99",""
"","26 September 2016","COOP CAPUAVA","Alimentação","","$26.54",""
"","26 September 2016","Galaxy s6 (1/10)","Equipamentos","","$199.90",""
"","26 September 2016","FERRAGENS MARUKAI LTDA","Equipamentos","","$24.30",""
"","26 September 2016","MC CAFE-ARICANDUV","fast food","","$7.00",""
"","26 September 2016","EXTRA 1309-ARICAN","Alimentação","","$45.41",""
"","26 September 2016","PASTELARIA NAITO","fast food","","$21.50",""
"","26 September 2016","SACOLAO SAUDE ST","Alimentação","","$58.65",""
"","26 September 2016","PET SHOP DR HATO","PET","","$70.70",""
"","26 September 2016","CARREFOUR PSO 409","Transporte","","$102.49",""
"","26 September 2016","CARREFOUR STO 248","Alimentação","","$47.64",""
"","26 September 2016","ESPIGA LANCHES","fast food","","$16.00",""
"","26 September 2016","COOP CAPUAVA","Alimentação","","$34.61",""
"","26 September 2016","Gasolina","Transporte","","$32.00",""
"","26 September 2016","PET SHOP KAKAZU","PET","","$22.75",""
"","26 September 2016","ESPIGA LANCHES","fast food","","$18.50",""
"","26 September 2016","PAO DO MARQUES","fast food","","$25.40",""
"","26 September 2016","A P IRMAOS BATIST","Transporte","","$33.99",""
"","26 September 2016","CARREFOUR PSO 409","Transporte","","$91.62",""
"","26 September 2016","SACOLAO SAUDE ST","Alimentação","","$126.10",""
"","26 September 2016","COOP CAPUAVA","Saúde","","$93.59",""
"","26 September 2016","ESQUINA DA FE","Saúde","","$15.55",""
"","26 September 2016","COOP CAPUAVA","Alimentação","","$59.63",""
"","26 September 2016","CARREFOUR PSO 409","Transporte","","$88.47",""
"","26 September 2016","SACOLAO SAUDE ST","Alimentação","","$46.81",""
"","26 September 2016","FACEBK*JBLEEASRN2","investimento","","$30.58",""
"","26 September 2016","MC DONALDS GI2","fast food","","$20.50",""
"","26 September 2016","ESTAPAR AERO GUARULHOS","Lazer","","$32.00",""
"","26 September 2016","COOP CAPUAVA","Saúde","","$29.27",""
"","26 September 2016","PANIFICAD","Alimentação","","$10.00",""
"","26 September 2016","PET SHOP KAKAZU","PET","","$47.00",""
"","26 September 2016","CARREFOUR PSO 409","Transporte","","$89.36",""
"","26 September 2016","WILSON CARDOSO","fast food","","$45.00",""
"","26 September 2016","MERCADINHO A MINE","Alimentação","","$11.48",""
"","26 September 2016","LORD S DOG","PET","","$160.00",""
"","26 September 2016","SHELL","Transporte","","$32.00",""
"","26 September 2016","EXTRA FARMA LOJA 18","Saúde","","$11.80",""
"","26 September 2016","A POSTO I BATISTUCCI L","Transporte","","$38.00",""
"","26 September 2016","Netflix","Lazer","","$23.00",""
"","26 September 2016","TIM Erick & Aline","telefonia","","$100.00",""
"","25 September 2016","TIM","Equipamentos","","$10.00",""
"","25 September 2016","BCO24H","Pagamentos","","$80.00",""
"","21 September 2016","luz","Moradia","","$120.00",""
"","20 September 2016","Saque","Pagamentos","","$70.00",""
"","15 September 2016","convênio","Saúde","","$278.00",""
"","15 September 2016","kung fu","Educação","","$130.00",""
"","11 September 2016","COOP CAPU","Alimentação","","$100.48",""
"","11 September 2016","Saque","Pagamentos","","$30.00",""
"","10 September 2016","Feira","Alimentação","","$100.00",""
"","08 September 2016","seguro fiesta","Corolla","","$132.00",""
"","01 September 2016","CX ITAU AV XV DE NOV","Pagamentos","","$120.00",""
"","30 August 2016","conta água","Moradia","","$62.00",""
"","29 August 2016","HITAMAX","Alimentação","","$5.88",""
"","27 August 2016","PAO DO MA","Alimentação","","$5.89",""
"","27 August 2016","Vivo","telefonia","","$80.00",""
"","27 August 2016","Cabelo","beleza","","$30.00",""
"","27 August 2016","mafre","seguros","","$260.00",""
"","26 August 2016","PIC (9/21)","investimento","","$82.00",""
"","26 August 2016","Netflix","Lazer","","$23.00",""
"","26 August 2016","TIM Erick & Aline","telefonia","","$100.00",""
"","25 August 2016","COOP CAPUAVA (3/3)","Saúde","","$53.76",""
"","25 August 2016","MERCADOPAGO (2/3)","Corolla","","$52.04",""
"","25 August 2016","WEBMOTORS (2/3)","Corolla","","$49.97",""
"","25 August 2016","COOP CAPUAVA","Alimentação","","$42.19",""
"","25 August 2016","SACOLAO SAUDE ST","Alimentação","","$85.43",""
"","25 August 2016","EXTRA FARMA LOJA 18","Saúde","","$9.40",""
"","25 August 2016","MERCADOPAGO","Equipamentos","","$24.89",""
"","25 August 2016","COOP CAPUAVA","Alimentação","","$55.16",""
"","25 August 2016","AUTO POSTO MIRO","Transporte","","$35.00",""
"","25 August 2016","PAO DO MARQUES","Alimentação","","$7.40",""
"","25 August 2016","CARREFOUR 409 PSC","Transporte","","$156.27",""
"","25 August 2016","EC*ALIPAY","Equipamentos","","$17.39",""
"","25 August 2016","ODAIR JOSE SILVEIRA CO","Alimentação","","$54.00",""
"","25 August 2016","COOP CAPUAVA","Alimentação","","$44.44",""
"","25 August 2016","SACOLAO SAUDE ST","Alimentação","","$92.11",""
"","25 August 2016","FARMA SUPERCENTER 4319","Saúde","","$29.07",""
"","25 August 2016","SUP CENT ST ANDRE 2800","Alimentação","","$38.66",""
"","25 August 2016","Bateria câmera","Equipamentos","","$30.00",""
"","25 August 2016","SAGRADO CORACAO","Alimentação","","$34.32",""
"","25 August 2016","HITAMAX MINIMERCADO","Alimentação","","$27.16",""
"","25 August 2016","HITAMAX","Alimentação","","$28.35",""
"","25 August 2016","CARREFOUR PSO 409","Transporte","","$163.72",""
"","25 August 2016","FCIA PAGUE MENOS","Saúde","","$5.05",""
"","25 August 2016","HITAMAX MINIMERCADO","Alimentação","","$10.68",""
"","25 August 2016","SACOLAO SAUDE ST","Alimentação","","$115.36",""
"","25 August 2016","COOP CAPUAVA","Alimentação","","$36.12",""
"","25 August 2016","Bebedouro","PET","","$29.80",""
"","25 August 2016","COOP CAPUAVA","Alimentação","","$47.98",""
"","25 August 2016","CARREFOUR PSO 409","Transporte","","$167.65",""
"","25 August 2016","GRAO EXPRESSO","Lazer","","$9.60",""
"","25 August 2016","CARREFOUR STO 248","Alimentação","","$57.14",""
"","25 August 2016","FERRAGENS MARUKAI LTDA","Equipamentos","","$23.20",""
"","25 August 2016","SACOLAO SAUDE ST","Alimentação","","$109.00",""
"","25 August 2016","COOP CAPUAVA","Alimentação","","$21.29",""
"","25 August 2016","EXTRA 1338","Alimentação","","$42.39",""
"","25 August 2016","MIAMOR","Equipamentos","","$8.59",""
"","25 August 2016","AUTO POSTO MIRO","Transporte","","$30.00",""
"","25 August 2016","ASSAI ATACADISTA","Alimentação","","$125.19",""
"","24 August 2016","CX ITAU AV INDUSTRIA","Pagamentos","","$60.00",""
"","21 August 2016","SEBASTIAO","Alimentação","","$13.00",""
"","21 August 2016","luz","Moradia","","$120.00",""
"","17 August 2016","CX ITAU AV BRASIL 15","Pagamentos","","$80.00",""
"","16 August 2016","vigia","Moradia","","$45.00",""
"","15 August 2016","convênio","Saúde","","$278.00",""
"","15 August 2016","kung fu","Educação","","$130.00",""
"","09 August 2016","Saque","Pagamentos","","$40.00",""
"","08 August 2016","TIM","Alimentação","","$10.00",""
"","03 August 2016","COOP CAPU","Alimentação","","$33.64",""
"","30 July 2016","COOP CAPU","Alimentação","","$19.19",""
"","30 July 2016","Saque","Pagamentos","","$30.00",""
"","30 July 2016","PAO DO MA","Alimentação","","$7.30",""
"","30 July 2016","conta água","Moradia","","$62.00",""
"","27 July 2016","mafre","seguros","","$260.00",""
"","26 July 2016","PIC (8/21)","investimento","","$82.00",""
"","26 July 2016","Netflix","Lazer","","$23.00",""
"","26 July 2016","TIM Erick & Aline","telefonia","","$100.00",""
"","25 July 2016","COOP CAPUAVA (2/3)","Saúde","","$53.76",""
"","25 July 2016","ASSAI ATACADISTA","Alimentação","","$482.89",""
"","25 July 2016","Compras pão de açúcar","Alimentação","","$475.00",""
"","25 July 2016","SACOLAO SAUDE ST","Alimentação","","$92.55",""
"","25 July 2016","AUTO POSTO MIRO","Transporte","","$30.00",""
"","25 July 2016","CARREFOUR PSO 409","Transporte","","$169.73",""
"","25 July 2016","CARREFOUR STO 248","Alimentação","","$19.37",""
"","25 July 2016","Mercado pago meias","Roupa","","$83.06",""
"","25 July 2016","COOP CAPUAVA","Alimentação","","$15.25",""
"","25 July 2016","BRUTI S CAFE E LANCHES","Lazer","","$12.50",""
"","25 July 2016","PAO DO MARQUES","Alimentação","","$10.34",""
"","25 July 2016","SACOLAO SAUDE ST","Alimentação","","$88.82",""
"","25 July 2016","COOP CAPUAVA","Alimentação","","$39.10",""
"","25 July 2016","MERCADOPAGO (1/3)","Corolla","","$52.04",""
"","25 July 2016","WEBMOTORS (1/3)","Corolla","","$49.97",""
"","25 July 2016","UBER*UBER","investimento","","$7.00",""
"","25 July 2016","UBER*UBER","investimento","","$7.39",""
"","25 July 2016","DIVINO FOGAO C T DA FA","fast food","","$19.83",""
"","25 July 2016","CARREFOUR 409 PSC","Transporte","","$144.05",""
"","25 July 2016","AUTO POSTO MIRO","Transporte","","$30.00",""
"","25 July 2016","NUUVEM*200775717415471","Lazer","","$21.99",""
"","25 July 2016","EXTRA FARMA LOJA 18","Saúde","","$19.20",""
"","25 July 2016","GOOGLE PLAY*METACTRL","Equipamentos","","$4.99",""
"","25 July 2016","ARMARINHOS FERNAN","presentes","","$57.60",""
"","25 July 2016","SACOLAO SAUDE ST","Alimentação","","$74.67",""
"","25 July 2016","LUIZ A R GOIS","Alimentação","","$19.20",""
"","25 July 2016","PASTELARIA NAITO","fast food","","$5.00",""
"","25 July 2016","ALINE AMOROSO ESPORTES","Educação","","$99.00",""
"","25 July 2016","CeC INDUSTRIAL","Equipamentos","","$27.90",""
"","25 July 2016","HITAMAX MINIMERCADO","Alimentação","","$7.88",""
"","25 July 2016","EXTRA FARMA LOJA 18","Saúde","","$14.93",""
"","25 July 2016","SACOLAO SAUDE ST","Alimentação","","$117.15",""
"","25 July 2016","CARREFOUR STO 248","Alimentação","","$29.75",""
"","25 July 2016","CARREFOUR PSO 409","Transporte","","$155.95",""
"","25 July 2016","KARTEX DESCARTAVEIS","Alimentação","","$30.50",""
"","23 July 2016","CX ITAU AV ITAMARATI","Pagamentos","","$30.00",""
"","23 July 2016","PAO DO MA","Alimentação","","$8.15",""
"","22 July 2016","HITAMAX","Alimentação","","$9.29",""
"","21 July 2016","luz","Moradia","","$120.00",""
"","18 July 2016","Saque","Pagamentos","","$20.00",""
"","16 July 2016","Ovos","Alimentação","","$15.00",""
"","16 July 2016","vigia","Moradia","","$45.00",""
"","15 July 2016","kung fu","Educação","","$130.00",""
"","15 July 2016","convênio","Saúde","","$278.00",""
"","10 July 2016","banco","Pagamentos","","$48.00",""
"","09 July 2016","Saque","Pagamentos","","$80.00",""
"","09 July 2016","PAO DO MA","Alimentação","","$5.92",""
"","08 July 2016","HITAMAX","Alimentação","","$27.85",""
"","08 July 2016","Saque","Pagamentos","","$25.00",""
"","04 July 2016","climatizador","Equipamentos","","$67.00",""
"","30 June 2016","conta água","Moradia","","$62.00",""
"","27 June 2016","mafre","seguros","","$260.00",""
"","27 June 2016","COOP CAPUAVA","Saúde","","$116.95",""
"","27 June 2016","COOP CAPUAVA","Alimentação","","$31.91",""
"","27 June 2016","HITAMAX MINIMERCADO","Alimentação","","$9.98",""
"","27 June 2016","SACOLAO SAUDE ST","Alimentação","","$168.08",""
"","27 June 2016","CARREFOUR PSO 409","Transporte","","$109.52",""
"","27 June 2016","COOP CAPUAVA","Alimentação","","$5.90",""
"","27 June 2016","MONIGAS","Alimentação","","$60.00",""
"","27 June 2016","CARREFOUR PSO 409","Transporte","","$101.95",""
"","27 June 2016","SACOLAO SAUDE ST","Alimentação","","$142.14",""
"","27 June 2016","COOP CAPUAVA (1/3)","Saúde","","$53.76",""
"","27 June 2016","EXTRA 1338","Alimentação","","$73.79",""
"","27 June 2016","KALUNGA ABC PLAZA","Equipamentos","","$55.20",""
"","27 June 2016","LOJAS RENNER FL 2","Roupa","","$209.70",""
"","27 June 2016","CARREFOUR PSO 409","Transporte","","$91.95",""
"","27 June 2016","SACOLAO SAUDE ST","Alimentação","","$83.56",""
"","27 June 2016","RAMOS PESCADOS","Alimentação","","$21.90",""
"","27 June 2016","PASTELARIA NAITO","fast food","","$21.50",""
"","27 June 2016","SUP CENT ST ANDRE 2800","Alimentação","","$13.34",""
"","27 June 2016","COOP CAPUAVA","Alimentação","","$43.76",""
"","27 June 2016","CARREFOUR STO 248","Saúde","","$27.24",""
"","27 June 2016","PET SHOP KAKAZU, RS 39,80 [ 01/06/2016 [ 13h50. Utilizado 80% limite.","PET","","$39.80",""
"","27 June 2016","DECATHLON","Equipamentos","","$89.97",""
"","27 June 2016","Mercado pago cama Pet","presentes","","$50.00",""
"","27 June 2016","COOP CAPUAVA","Alimentação","","$49.28",""
"","27 June 2016","PAO DO MARQUES","Alimentação","","$6.95",""
"","27 June 2016","A P IRMAOS BATIST","Transporte","","$85.00",""
"","27 June 2016","COOP CAPUAVA","Alimentação","","$38.27",""
"","27 June 2016","TOQUE DE BELEZA","beleza","","$18.20",""
"","27 June 2016","CARREFOUR PSO 409","Transporte","","$163.68",""
"","27 June 2016","LUCENA BAR","Lazer","","$55.00",""
"","27 June 2016","LUCENA BAR","Lazer","","$20.00",""
"","27 June 2016","SACOLAO SAUDE ST","Alimentação","","$79.76",""
"","27 June 2016","COOP CAPUAVA","Alimentação","","$17.66",""
"","27 June 2016","COOP CAPUAVA","Alimentação","","$26.02",""
"","27 June 2016","HITAMAX","Alimentação","","$17.48",""
"","27 June 2016","DECATHLON","Equipamentos","","$60.00",""
"","27 June 2016","HITAMAX","Alimentação","","$17.89",""
"","27 June 2016","dr hato","PET","","$90.00",""
"","27 June 2016","PAO DO MARQUES","Alimentação","","$7.40",""
"","27 June 2016","FERRAGENS MARUKAI LTDA","Equipamentos","","$18.20",""
"","27 June 2016","SAGRADO CORACAO","Alimentação","","$26.96",""
"","27 June 2016","CARREFOUR PSO 409","Transporte","","$148.93",""
"","27 June 2016","SACOLAO SAUDE ST","Alimentação","","$119.68",""
"","27 June 2016","COOP CAPUAVA","Alimentação","","$39.77",""
"","26 June 2016","Netflix","Lazer","","$23.00",""
"","26 June 2016","TIM Erick & Aline","telefonia","","$100.00",""
"","26 June 2016","PIC (7/21)","investimento","","$82.00",""
"","22 June 2016","Cabelo","beleza","","$30.00",""
"","22 June 2016","saque","Pagamentos","","$30.00",""
"","22 June 2016","Vivo","telefonia","","$80.00",""
"","21 June 2016","luz","Moradia","","$120.00",""
"","18 June 2016","PAO DO MA","Alimentação","","$7.33",""
"","16 June 2016","vigia","Moradia","","$45.00",""
"","15 June 2016","convênio","Saúde","","$278.00",""
"","15 June 2016","kung fu","Educação","","$130.00",""
"","10 June 2016","banco","Pagamentos","","$48.00",""
"","04 June 2016","climatizador","Equipamentos","","$67.00",""
"","01 June 2016","Previsão Feira","Alimentação","","$250.00",""
"","30 May 2016","conta água","Moradia","","$62.00",""
"","27 May 2016","Saque","Pagamentos","","$80.00",""
"","27 May 2016","RODRISABO","fast food","","$12.00",""
"","27 May 2016","Cabelo","beleza","","$30.00",""
"","27 May 2016","mafre","seguros","","$260.00",""
"","26 May 2016","TIM Erick & Aline","telefonia","","$100.00",""
"","26 May 2016","PIC (6/21)","investimento","","$82.00",""
"","26 May 2016","Netflix","Lazer","","$23.00",""
"","25 May 2016","Churrasco","Lazer","","$19.00",""
"","25 May 2016","Gasolina","Transporte","","$166.00",""
"","25 May 2016","COOP CAPUAVA","Alimentação","","$8.56",""
"","25 May 2016","COOP CAPUAVA","Alimentação","","$64.20",""
"","25 May 2016","SACOLAO SAUDE ST","Alimentação","","$83.42",""
"","25 May 2016","CARREFOUR PSO 409","Transporte","","$175.37",""
"","25 May 2016","MERCADOPAGO","Equipamentos","","$58.07",""
"","25 May 2016","COOP CAPUAVA","Saúde","","$54.31",""
"","25 May 2016","COOP CAPUAVA","Alimentação","","$35.83",""
"","25 May 2016","PIZZARIA HOSANA","fast food","","$30.00",""
"","25 May 2016","HITAMAX","Alimentação","","$8.24",""
"","25 May 2016","SACOLAO SAUDE ST","Alimentação","","$85.80",""
"","25 May 2016","RAMOS PESCADOS","fast food","","$8.69",""
"","25 May 2016","COOP CAPUAVA","Alimentação","","$46.55",""
"","25 May 2016","COOP CAPUAVA","Alimentação","","$20.01",""
"","25 May 2016","COOP CAPUAVA","Alimentação","","$60.53",""
"","25 May 2016","TOQUE DE BELEZA","beleza","","$11.90",""
"","25 May 2016","AUTO POSTO MIRO","Transporte","","$22.50",""
"","25 May 2016","MERCADOPAGO","PET","","$13.99",""
"","25 May 2016","CARREFOUR PSO 409","Transporte","","$166.35",""
"","25 May 2016","PAO DO MARQUES","Alimentação","","$14.71",""
"","25 May 2016","Mercado pago repetidor","Equipamentos","","$56.26",""
"","25 May 2016","SACOLAO SAUDE ST","Alimentação","","$108.76",""
"","25 May 2016","RAMOS PESCADOS","fast food","","$13.00",""
"","25 May 2016","RIACHUELO 214","Roupa","","$109.80",""
"","25 May 2016","COOP CAPUAVA","Alimentação","","$12.63",""
"","25 May 2016","SUP CENT ST ANDRE 2800","Alimentação","","$18.28",""
"","25 May 2016","ASSAI ATACADISTA","Alimentação","","$430.14",""
"","25 May 2016","CASA DE CARNES GR","Alimentação","","$8.22",""
"","25 May 2016","HITAMAX MINIMERCADO","Alimentação","","$18.27",""
"","25 May 2016","PANIFICAD","Alimentação","","$10.97",""
"","25 May 2016","A P IRMAOS BATIST","Transporte","","$34.29",""
"","25 May 2016","COOP CAPUAVA","Alimentação","","$67.72",""
"","25 May 2016","HITAMAX MINIMERCADO","Alimentação","","$13.49",""
"","25 May 2016","CARREFOUR PSO 409","Transporte","","$70.08",""
"","25 May 2016","CARREFOUR STO 248","Alimentação","","$50.25",""
"","25 May 2016","SACOLAO SAUDE ST","Alimentação","","$86.93",""
"","25 May 2016","PIZZARIA BRASITAL","fast food","","$50.50",""
"","25 May 2016","ZECA FRUTAS FRESCAS LT","Alimentação","","$27.00",""
"","22 May 2016","Vivo","telefonia","","$80.00",""
"","21 May 2016","luz","Moradia","","$120.00",""
"","21 May 2016","Pão","Alimentação","","$7.00",""
"","16 May 2016","vigia","Moradia","","$45.00",""
"","15 May 2016","kung fu","Educação","","$120.00",""
"","15 May 2016","convênio","Saúde","","$278.00",""
"","14 May 2016","Gasolina","Transporte","","$20.00",""
"","14 May 2016","Saque","Pagamentos","","$60.00",""
"","10 May 2016","banco","Pagamentos","","$48.00",""
"","09 May 2016","Costura","Roupa","","$20.00",""
"","09 May 2016","BCO24H","Pagamentos","","$60.00",""
"","07 May 2016","Saque","Pagamentos","","$50.00",""
"","04 May 2016","climatizador","Equipamentos","","$67.00",""
"","30 April 2016","Boneco","PET","","$20.00",""
"","30 April 2016","conta água","Moradia","","$62.00",""
"","27 April 2016","mafre","seguros","","$260.00",""
"","27 April 2016","Cabelo","beleza","","$30.00",""
"","26 April 2016","Taxa banco do Brasil","Pagamentos","","$15.00",""
"","26 April 2016","Saque","Pagamentos","","$60.00",""
"","26 April 2016","CARREFOUR 409 PSC","Transporte","","$173.48",""
"","26 April 2016","FERRAZ GRILL","Lazer","","$16.04",""
"","26 April 2016","SACOLAO SAUDE ST","Alimentação","","$68.51",""
"","26 April 2016","MercPago[MLIVRE","Equipamentos","","$218.21",""
"","26 April 2016","HITAMAX MINIMERCADO","Alimentação","","$27.80",""
"","26 April 2016","HITAMAX","Alimentação","","$10.28",""
"","26 April 2016","feira","Alimentação","","$64.00",""
"","26 April 2016","FERRAZ GRILL","Alimentação","","$18.90",""
"","26 April 2016","CARREFOUR PSO 409","Transporte","","$166.98",""
"","26 April 2016","CARREFOUR STO 248","Equipamentos","","$100.36",""
"","26 April 2016","GOOGLE PLAY*APP BLAUEC","investimento","","$14.90",""
"","26 April 2016","PANIFICADORA PAO","Alimentação","","$7.65",""
"","26 April 2016","BK SHOPPING ABC","fast food","","$28.50",""
"","26 April 2016","MC DONALDS MAP","fast food","","$23.00",""
"","26 April 2016","SACOLAO SAUDE ST","Alimentação","","$140.22",""
"","26 April 2016","PALMITO CIA","Alimentação","","$8.00",""
"","26 April 2016","HITAMAX","Alimentação","","$7.84",""
"","26 April 2016","COOP CAPUAVA","Alimentação","","$5.49",""
"","26 April 2016","PAO DO MARQUES","Alimentação","","$15.45",""
"","26 April 2016","UBER*UBER","investimento","","$9.32",""
"","26 April 2016","UBER*UBER","investimento","","$7.61",""
"","26 April 2016","CARREFOUR 409 PSC","Transporte","","$155.50",""
"","26 April 2016","Carregador USB","Equipamentos","","$49.99",""
"","26 April 2016","PANIFICADORA PAO","Alimentação","","$7.22",""
"","26 April 2016","COOP CAPUAVA","Alimentação","","$40.00",""
"","26 April 2016","Remédio joelho","Saúde","","$114.00",""
"","26 April 2016","PASTELARIA NAITO","fast food","","$30.00",""
"","26 April 2016","SACOLAO SAUDE ST","Alimentação","","$67.51",""
"","26 April 2016","CORPO e VIDA","Saúde","","$89.00",""
"","26 April 2016","SUP CENT ST ANDRE 2800","Alimentação","","$55.68",""
"","26 April 2016","CARREFOUR 409 PSC","Transporte","","$171.32",""
"","26 April 2016","COOP CAPUAVA","Alimentação","","$28.56",""
"","26 April 2016","BRUTI S CAFE","Lazer","","$16.00",""
"","26 April 2016","COOP CAPU","Alimentação","","$25.56",""
"","26 April 2016","HITAMAX MINIMERCADO","Alimentação","","$9.38",""
"","26 April 2016","SACOLAO SAUDE ST","Alimentação","","$55.97",""
"","26 April 2016","HITAMAX","Alimentação","","$10.24",""
"","26 April 2016","PIC (5/21)","investimento","","$82.00",""
"","26 April 2016","TIM Erick & Aline","telefonia","","$100.00",""
"","22 April 2016","Vivo","telefonia","","$80.00",""
"","21 April 2016","luz","Moradia","","$120.00",""
"","16 April 2016","CX ITAU AV ITAMARATI","Pagamentos","","$30.00",""
"","16 April 2016","PAO DO MA","Alimentação","","$6.60",""
"","16 April 2016","vigia","Moradia","","$45.00",""
"","15 April 2016","kung fu","Educação","","$120.00",""
"","15 April 2016","convênio","Saúde","","$278.00",""
"","12 April 2016","Sapato Kung Fu","Equipamentos","","$120.00",""
"","10 April 2016","banco","Pagamentos","","$48.00",""
"","09 April 2016","PANIFICAD","Alimentação","","$6.75",""
"","07 April 2016","NETFLIX.COM","telefonia","","$19.90",""
"","04 April 2016","climatizador","Equipamentos","","$67.00",""
"","04 April 2016","CX ITAU AV XV DE NOV","Pagamentos","","$120.00",""
"","30 March 2016","conta água","Moradia","","$62.00",""
"","29 March 2016","Saque","Pagamentos","","$50.00",""
"","27 March 2016","Cabelo","beleza","","$30.00",""
"","27 March 2016","mafre","seguros","","$260.00",""
"","26 March 2016","PIC (4/21)","investimento","","$82.00",""
"","26 March 2016","TIM Erick & Aline","telefonia","","$100.00",""
"","25 March 2016","CARREFOUR 409 PSC","Transporte","","$119.15",""
"","25 March 2016","FERRAZ GRILL","Lazer","","$19.36",""
"","25 March 2016","PADARIA LIDER","fast food","","$12.00",""
"","25 March 2016","SUP CENT ST ANDRE 2800","Alimentação","","$74.48",""
"","25 March 2016","PAO DO MARQUES","Alimentação","","$7.50",""
"","25 March 2016","AUTO POSTO MIRO","Transporte","","$32.50",""
"","25 March 2016","MONTE Carlo lavagem","Corolla","","$35.00",""
"","25 March 2016","FERRAGENS MARUKAI LTDA","Equipamentos","","$20.60",""
"","25 March 2016","AMEI BIJUTERIAS","presentes","","$30.00",""
"","25 March 2016","SUP CENT ST ANDRE 2800","Alimentação","","$64.96",""
"","25 March 2016","CARREFOUR PSO 409","Transporte","","$112.82",""
"","25 March 2016","EXTRA FAR","PET","","$4.65",""
"","25 March 2016","PADARIA PAO PAULINOS","Alimentação","","$5.80",""
"","25 March 2016","KILOUCURA RESTAURANTE","investimento","","$19.86",""
"","25 March 2016","UBER*UBER","investimento","","$7.26",""
"","25 March 2016","HITAMAX","Alimentação","","$19.22",""
"","25 March 2016","CARREFOUR 409 PSC","Transporte","","$131.50",""
"","25 March 2016","COOP CAPUAVA","Alimentação","","$54.49",""
"","25 March 2016","HITAMAX","Alimentação","","$7.14",""
"","25 March 2016","EXTRA FARMA LOJA 18","Saúde","","$48.63",""
"","25 March 2016","COOP CAPUAVA","Saúde","","$117.42",""
"","25 March 2016","COOP CAPUAVA","Alimentação","","$51.56",""
"","25 March 2016","Pipoqueira","Equipamentos","","$123.01",""
"","25 March 2016","PASTELARIA NAITO","fast food","","$10.00",""
"","25 March 2016","SACOLAO SAUDE ST","Alimentação","","$101.78",""
"","25 March 2016","RAMOS PESCADOS","fast food","","$14.62",""
"","25 March 2016","UBER*UBER","investimento","","$13.84",""
"","25 March 2016","FERRAZ GRILL","Lazer","","$16.79",""
"","25 March 2016","CARREFOUR 409 PSC","Transporte","","$121.73",""
"","25 March 2016","COOP CAPUAVA","Saúde","","$15.54",""
"","25 March 2016","COOP CAPUAVA","fast food","","$13.07",""
"","25 March 2016","HITAMAX","Alimentação","","$18.90",""
"","25 March 2016","BOUTIQUE DO PAO","Alimentação","","$8.80",""
"","25 March 2016","SACOLAO SAUDE ST","Alimentação","","$64.31",""
"","25 March 2016","CARREFOUR 409 PSC","Transporte","","$120.98",""
"","25 March 2016","COOP CAPUAVA","Lazer","","$33.68",""
"","25 March 2016","HITAMAX","Alimentação","","$11.08",""
"","25 March 2016","COOP CAPUAVA","Lazer","","$28.53",""
"","25 March 2016","PADARIA PAO PAULINOS","Alimentação","","$12.55",""
"","25 March 2016","ASSAI ATACADISTA","Alimentação","","$428.91",""
"","25 March 2016","SUP CENT ST ANDRE 2800","Alimentação","","$132.52",""
"","25 March 2016","PAO DO MARQUES","Lazer","","$30.20",""
"","25 March 2016","MONIGAS COM GAS LTDA","Alimentação","","$60.00",""
"","25 March 2016","PASTELARIA NAITO","fast food","","$12.50",""
"","22 March 2016","Vivo","telefonia","","$80.00",""
"","21 March 2016","luz","Moradia","","$120.00",""
"","20 March 2016","presente gabi","presentes","","$4.60",""
"","16 March 2016","vigia","Moradia","","$45.00",""
"","15 March 2016","kung fu","Educação","","$120.00",""
"","15 March 2016","convênio","Saúde","","$278.00",""
"","10 March 2016","banco","Pagamentos","","$48.00",""
"","09 March 2016","Saque","Pagamentos","","$80.00",""
"","09 March 2016","FERRAZ GR","Lazer","","$16.27",""
"","07 March 2016","NETFLIX.COM","telefonia","","$19.90",""
"","06 March 2016","Reserva Corolla","Corolla","","$560.00",""
"","04 March 2016","climatizador","Equipamentos","","$67.00",""
"","03 March 2016","Gasolina","Transporte","","$20.00",""
"","01 March 2016","Cartório","Pagamentos","","$30.00",""
"","01 March 2016","CX ITAU AL VIEIRA DE","Pagamentos","","$30.00",""
"","28 February 2016","conta água","Moradia","","$62.00",""
"","27 February 2016","Cabelo","beleza","","$30.00",""
"","27 February 2016","mafre","seguros","","$260.00",""
"","26 February 2016","PIC (3/21)","investimento","","$82.00",""
"","26 February 2016","TIM Erick & Aline","telefonia","","$100.00",""
"","25 February 2016","AUTO POSTO MIRO","Transporte","","$135.53",""
"","25 February 2016","SACOLAO SAUDE ST","Alimentação","","$131.03",""
"","25 February 2016","COOP Capuava farmácia","Saúde","","$161.61",""
"","25 February 2016","DROGARIA BIFARMA","Saúde","","$7.72",""
"","25 February 2016","A POSTO I BATISTUCCI L","Transporte","","$50.00",""
"","25 February 2016","fralda Renato","presentes","","$27.00",""
"","25 February 2016","CASA DE CARNES GRANDES","Alimentação","","$14.65",""
"","25 February 2016","COOP CAPUAVA","Alimentação","","$37.82",""
"","25 February 2016","CARREFOUR PSO 409","Transporte","","$97.99",""
"","25 February 2016","SAGRADO CORACAO","Alimentação","","$27.78",""
"","25 February 2016","HITAMAX MINIMERCADO","Alimentação","","$10.69",""
"","25 February 2016","DROGARIA AMERICA DO SU","Saúde","","$16.00",""
"","25 February 2016","PASTELARIA NAITO","Lazer","","$30.00",""
"","25 February 2016","CARREFOUR PSO 409","Transporte","","$83.04",""
"","25 February 2016","SUP CENT ST ANDRE 2800","Alimentação","","$38.68",""
"","25 February 2016","Frango","Alimentação","","$30.75",""
"","25 February 2016","SACOLAO SAUDE ST","Alimentação","","$80.40",""
"","25 February 2016","COOP CAPUAVA","Alimentação","","$42.85",""
"","25 February 2016","LAVA RAPIDO POHL","Corolla","","$30.00",""
"","25 February 2016","PRECOLANDIA SANTO","presentes","","$29.90",""
"","25 February 2016","LOJAS AMERICANAS","presentes","","$14.98",""
"","25 February 2016","AUTO POSTO MIRO","Transporte","","$52.50",""
"","25 February 2016","HITAMAX","Alimentação","","$12.94",""
"","25 February 2016","SACOLAO SAUDE ST","Alimentação","","$36.86",""
"","25 February 2016","PASTELARIA NAITO","fast food","","$15.50",""
"","25 February 2016","JIN JIN","fast food","","$20.86",""
"","25 February 2016","SUP CENT ST ANDRE 2800","Alimentação","","$70.00",""
"","25 February 2016","RAIA DROGASIL 549","Alimentação","","$7.19",""
"","25 February 2016","EXTRACOM","presentes","","$57.99",""
"","25 February 2016","Roupas","Roupa","","$78.00",""
"","25 February 2016","café","fast food","","$4.40",""
"","25 February 2016","AUTO POSTO MIRO","Transporte","","$53.58",""
"","25 February 2016","CARREFOUR 409 PSC","Transporte","","$110.33",""
"","25 February 2016","LOJAS RENNER FL 2","Roupa","","$59.70",""
"","25 February 2016","EXTRA 1338","Lazer","","$44.28",""
"","25 February 2016","SUPERMERCADO ALVO","Lazer","","$177.00",""
"","25 February 2016","FERRAGENS MARUKAI LTDA","Equipamentos","","$25.70",""
"","25 February 2016","HITAMAX MINIMERCADO","Alimentação","","$12.00",""
"","25 February 2016","CARREFOUR PSO 409","Transporte","","$123.02",""
"","25 February 2016","SACOLAO SAUDE ST","Alimentação","","$145.55",""
"","25 February 2016","farmácia","Saúde","","$132.00",""
"","25 February 2016","KARTEX DESCARTAVEIS","Alimentação","","$13.40",""
"","25 February 2016","COOP CAPUAVA","Alimentação","","$80.89",""
"","25 February 2016","COOP CAPUAVA","Saúde","","$12.75",""
"","25 February 2016","SUPERMERCADO PERI","Alimentação","","$9.93",""
"","25 February 2016","PAES E DOCES MICH","fast food","","$26.16",""
"","24 February 2016","FERRAZ GR","Lazer","","$14.60",""
"","23 February 2016","BCO24H","Pagamentos","","$100.00",""
"","22 February 2016","Vivo","telefonia","","$80.00",""
"","21 February 2016","Tapioca","fast food","","$23.00",""
"","21 February 2016","HITAMAX M","Alimentação","","$4.93",""
"","21 February 2016","luz","Moradia","","$120.00",""
"","20 February 2016","BCO24H","Pagamentos","","$27.00",""
"","20 February 2016","HITAMAX M","Alimentação","","$5.86",""
"","18 February 2016","Mel","Alimentação","","$25.00",""
"","16 February 2016","Portão automático","Moradia","","$100.00",""
"","16 February 2016","vigia","Moradia","","$45.00",""
"","15 February 2016","kung fu","Educação","","$120.00",""
"","15 February 2016","convênio","Saúde","","$278.00",""
"","13 February 2016","Saque","Pagamentos","","$50.00",""
"","13 February 2016","Pizza","fast food","","$30.00",""
"","10 February 2016","banco","Pagamentos","","$48.00",""
"","10 February 2016","FERRAZ GR","Lazer","","$19.84",""
"","10 February 2016","material ingles (3/3)","Educação","","$100.00",""
"","07 February 2016","NETFLIX.COM","telefonia","","$19.90",""
"","07 February 2016","07-02 feira","Alimentação","","$26.00",""
"","07 February 2016","07-02 Gasolina","Transporte","","$50.00",""
"","06 February 2016","CLAUDIO M SIMOES","fast food","","$18.00",""
"","05 February 2016","BCO24H","Pagamentos","","$100.00",""
"","05 February 2016","A P IRMAO","Transporte","","$96.00",""
"","05 February 2016","OTICA JOV","Roupa","","$95.00",""
"","04 February 2016","climatizador","Equipamentos","","$67.00",""
"","03 February 2016","FERRAZ GR","Lazer","","$18.30",""
"","01 February 2016","01-02 Gasolina","Transporte","","$30.00",""
"","01 February 2016","ATACADAO","Alimentação","","$367.65",""
"","01 February 2016","Reserva Corolla","Corolla","","$560.00",""
"","30 January 2016","conta água","Moradia","","$62.00",""
"","27 January 2016","Almoço Ferraz","Lazer","","$25.00",""
"","27 January 2016","Cabelo","beleza","","$30.00",""
"","27 January 2016","mafre","seguros","","$260.00",""
"","26 January 2016","PIC (2/21)","investimento","","$82.00",""
"","26 January 2016","TIM Erick & Aline","telefonia","","$100.00",""
"","25 January 2016","cortina da sala  (10/10)","beleza","","$78.00",""
"","25 January 2016","06-10 passagem RJ (4/4)","Educação","","$60.00",""
"","25 January 2016","RAJ K716 (3/3)","Roupa","","$44.99",""
"","25 January 2016","FERRAZ GRILL","Lazer","","$18.34",""
"","25 January 2016","A POSTO I BATISTUCCI L","Transporte","","$134.00",""
"","25 January 2016","COOP CAPUAVA","Alimentação","","$18.99",""
"","25 January 2016","ASSAI ATACADISTA","Alimentação","","$505.00",""
"","25 January 2016","SACOLAO SAUDE ST","Alimentação","","$85.85",""
"","25 January 2016","PASTELARIA NAITO","fast food","","$16.00",""
"","25 January 2016","RAMOS PESCADOS","fast food","","$11.44",""
"","25 January 2016","COOP Capuava farmácia","Saúde","","$17.65",""
"","25 January 2016","AUTO POSTO MIRO","Transporte","","$130.44",""
"","25 January 2016","SACOLAO SAUDE ST","Alimentação","","$145.52",""
"","25 January 2016","AUTO POSTO MIRO","Transporte","","$130.01",""
"","25 January 2016","HITAMAX MINIMERCADO","Alimentação","","$12.56",""
"","25 January 2016","SACOLAO SAUDE ST","Alimentação","","$59.65",""
"","25 January 2016","PASTELARIA NAITO","fast food","","$16.00",""
"","25 January 2016","FERRAZ GRILL","Lazer","","$18.42",""
"","25 January 2016","fralda Celso","presentes","","$46.00",""
"","25 January 2016","pen drive","Equipamentos","","$37.00",""
"","25 January 2016","CARREFOUR PSO 409","Transporte","","$89.12",""
"","25 January 2016","RAMOS PESCADOS","fast food","","$30.19",""
"","25 January 2016","KARTEX DESCARTAVEIS","Alimentação","","$48.50",""
"","25 January 2016","SACOLAO SAUDE ST","Alimentação","","$185.22",""
"","25 January 2016","COOP CAPUAVA","Alimentação","","$21.00",""
"","25 January 2016","2109 [ CINEMARK G","Lazer","","$35.00",""
"","25 January 2016","BRUTI S CAFE","Alimentação","","$12.00",""
"","25 January 2016","FERRAZ GRILL","Lazer","","$18.75",""
"","24 January 2016","BCO24H","Pagamentos","","$80.00",""
"","22 January 2016","Vivo","telefonia","","$80.00",""
"","21 January 2016","luz","Moradia","","$120.00",""
"","20 January 2016","FERRAZ GR","Lazer","","$17.18",""
"","16 January 2016","Feira","Alimentação","","$10.00",""
"","16 January 2016","vigia","Moradia","","$45.00",""
"","15 January 2016","HITAMAX M","Alimentação","","$11.96",""
"","15 January 2016","kung fu","Educação","","$120.00",""
"","15 January 2016","convênio","Saúde","","$278.00",""
"","10 January 2016","banco","Pagamentos","","$48.00",""
"","10 January 2016","material ingles (2/3)","Educação","","$100.00",""
"","09 January 2016","HITAMAX","Alimentação","","$5.60",""
"","09 January 2016","FERRAGENS","Equipamentos","","$8.30",""
"","08 January 2016","HITAMAX M","Alimentação","","$8.80",""
"","07 January 2016","NETFLIX.COM","telefonia","","$19.90",""
"","06 January 2016","Reserva Corolla","Corolla","","$560.00",""
"","05 January 2016","Gas Ricardo","terceiros","","$15.00",""
"","04 January 2016","Açougue","Alimentação","","$35.00",""
"","30 December 2015","conta água","Moradia","","$62.00",""
"","28 December 2015","cortina da sala  (9/10)","beleza","","$78.00",""
"","28 December 2015","secador (6/6)","Equipamentos","","$37.33",""
"","28 December 2015","18-07 tênis (5/5)","Roupa","","$52.00",""
"","28 December 2015","aparelho de pressão  (4/4)","Equipamentos","","$31.50",""
"","28 December 2015","anuidade visa (3/3)","Pagamentos","","$61.33",""
"","28 December 2015","manutenção corolla 190k (4/4)","Corolla","","$193.75",""
"","28 December 2015","04-10 fraldas (3/3)","PET","","$25.66",""
"","28 December 2015","06-10 passagem RJ (3/4)","Educação","","$60.00",""
"","28 December 2015","RAJ K716 (2/3)","Roupa","","$44.99",""
"","28 December 2015","HABIBS ITAMARATI","Lazer","","$29.15",""
"","28 December 2015","15-11 mercado","Alimentação","","$101.52",""
"","28 December 2015","18-11 gasolina","Transporte","","$170.00",""
"","28 December 2015","HITAMAX","Alimentação","","$8.19",""
"","28 December 2015","20-11 feira","Alimentação","","$105.00",""
"","28 December 2015","20-11 frango","Alimentação","","$19.00",""
"","28 December 2015","PAGSEGUROUOL*CafeLanch","Alimentação","","$12.00",""
"","28 December 2015","PIZZARIA DONATELLO S","Lazer","","$75.70",""
"","28 December 2015","remédio Aline","Saúde","","$69.58",""
"","28 December 2015","COOP CAPUAVA","Equipamentos","","$21.75",""
"","28 December 2015","23-11 Gasolina","Transporte","","$60.00",""
"","28 December 2015","KILOUCURA RESTAURANTE","investimento","","$17.90",""
"","28 December 2015","café","investimento","","$7.40",""
"","28 December 2015","pastel","Lazer","","$16.00",""
"","28 December 2015","SACOLAO SAUDE ST","Alimentação","","$94.47",""
"","28 December 2015","CARREFOUR PSO 409","Transporte","","$115.72",""
"","28 December 2015","MERCADOPAGO","Equipamentos","","$32.00",""
"","28 December 2015","ESQUINA DA FE","Saúde","","$10.45",""
"","28 December 2015","HITAMAX","Alimentação","","$8.69",""
"","28 December 2015","SACOLAO SAUDE ST","Alimentação","","$110.97",""
"","28 December 2015","gasolina","Transporte","","$50.00",""
"","28 December 2015","COOP CAPUAVA","Alimentação","","$19.68",""
"","28 December 2015","DROGARIA CENTRAL","Saúde","","$19.00",""
"","28 December 2015","COOP CAPUAVA","Alimentação","","$15.87",""
"","28 December 2015","SHOWCOLAT","Lazer","","$15.00",""
"","28 December 2015","PADARIA PAO PAULINOS","fast food","","$8.80",""
"","28 December 2015","07-12 gasolina","Transporte","","$121.00",""
"","28 December 2015","07-12 coop","Alimentação","","$28.60",""
"","28 December 2015","fralda Regiane","presentes","","$44.00",""
"","28 December 2015","03-12 hitamax 2","Alimentação","","$12.00",""
"","28 December 2015","09-12 padaria","Alimentação","","$14.00",""
"","28 December 2015","COOP CAPUAVA","Lazer","","$22.75",""
"","28 December 2015","FERRAZ GRILL","Lazer","","$22.25",""
"","28 December 2015","A POSTO I BATISTUCCI L","Transporte","","$123.00",""
"","28 December 2015","SACOLAO SAUDE ST","Alimentação","","$98.38",""
"","28 December 2015","PADARIA PAO PAULINOS","fast food","","$5.85",""
"","28 December 2015","PADARIA PAO PAULINOS","Alimentação","","$10.25",""
"","28 December 2015","PADARIA PAO PAULINOS","fast food","","$14.60",""
"","28 December 2015","SAGRADO CORACAO açougue","Alimentação","","$27.18",""
"","27 December 2015","Cabelo","beleza","","$30.00",""
"","27 December 2015","mafre","seguros","","$260.00",""
"","26 December 2015","PIC (1/21)","investimento","","$82.00",""
"","26 December 2015","TIM Erick & Aline","telefonia","","$100.00",""
"","24 December 2015","HITAMAX M","fast food","","$9.62",""
"","24 December 2015","PADARIA P","Alimentação","","$7.85",""
"","23 December 2015","BCO24H","Pagamentos","","$50.00",""
"","22 December 2015","Vivo","telefonia","","$80.00",""
"","21 December 2015","luz","Moradia","","$113.00",""
"","21 December 2015","lichia","Alimentação","","$30.00",""
"","21 December 2015","vivo cel","telefonia","","$15.00",""
"","20 December 2015","HITAMAX","Alimentação","","$2.29",""
"","19 December 2015","HITAMAX","Alimentação","","$2.29",""
"","19 December 2015","Palmito","Alimentação","","$12.00",""
"","19 December 2015","PAGSEGURO ovos","Alimentação","","$13.00",""
"","18 December 2015","BCO24H","Pagamentos","","$38.00",""
"","18 December 2015","EXTRA FAR","Saúde","","$8.98",""
"","17 December 2015","HITAMAX M","fast food","","$4.33",""
"","16 December 2015","COOP CAPU","Alimentação","","$25.21",""
"","16 December 2015","vigia","Moradia","","$45.00",""
"","15 December 2015","convênio","Saúde","","$260.00",""
"","15 December 2015","kung fu","Educação","","$120.00",""
"","10 December 2015","banco","Pagamentos","","$48.00",""
"","10 December 2015","material ingles (1/3)","Educação","","$100.00",""
"","09 December 2015","BCO24H","Pagamentos","","$50.00",""
"","08 December 2015","Claro fixo","telefonia","","$44.00",""
"","07 December 2015","NETFLIX.COM","telefonia","","$19.90",""
"","06 December 2015","MR PRETZE","Lazer","","$24.00",""
"","02 December 2015","02-12 almoço","Lazer","","$18.00",""
"","30 November 2015","conta água","Moradia","","$62.00",""
"","29 November 2015","Feira","Alimentação","","$8.00",""
"","27 November 2015","Cabelo","beleza","","$30.00",""
"","27 November 2015","mafre","seguros","","$260.00",""
"","25 November 2015","cortina da sala  (8/10)","beleza","","$78.00",""
"","25 November 2015","08-04 guitarra (8/8)","Equipamentos","","$54.00",""
"","25 November 2015","secador (5/6)","Equipamentos","","$37.33",""
"","25 November 2015","18-07 tênis (4/5)","Roupa","","$52.00",""
"","25 November 2015","uol aline (4/4)","Pagamentos","","$30.50",""
"","25 November 2015","aparelho de pressão  (3/4)","Equipamentos","","$31.50",""
"","25 November 2015","remédio Aline  (3/3)","Saúde","","$25.00",""
"","25 November 2015","manutenção corolla 190k (3/4)","Corolla","","$193.75",""
"","25 November 2015","anuidade visa (2/3)","Pagamentos","","$61.33",""
"","25 November 2015","escada e mangueira  (2/2)","Equipamentos","","$93.50",""
"","25 November 2015","04-10 fraldas (2/3)","PET","","$25.66",""
"","25 November 2015","06-10 passagem RJ (2/4)","Educação","","$60.00",""
"","25 November 2015","17-10 feira","Alimentação","","$90.00",""
"","25 November 2015","Tim","telefonia","","$70.00",""
"","25 November 2015","HITAMAX MINIMERCADO, RS 14,99 [ 23/10/2015 [ 15h07. Utilizado 80% limite.","Alimentação","","$14.99",""
"","25 November 2015","28-10 farma","Saúde","","$7.00",""
"","25 November 2015","FERRAZ GRILL","Lazer","","$15.40",""
"","25 November 2015","COOP CAPUAVA, RS 9,58 [ 28/10/2015 [ 15h45. Utilizado 80% limite.","Alimentação","","$9.58",""
"","25 November 2015","COOP CAPUAVA","Alimentação","","$29.43",""
"","25 November 2015","SACOLAO SAUDE ST","Alimentação","","$65.80",""
"","25 November 2015","31-10 gasolina","Transporte","","$98.00",""
"","25 November 2015","31-10 carrefour","Alimentação","","$73.00",""
"","25 November 2015","açougue","Alimentação","","$35.00",""
"","25 November 2015","MONIGAS","Alimentação","","$53.00",""
"","25 November 2015","ESQUINA DA FE","Saúde","","$19.78",""
"","25 November 2015","FERRAZ GRILL","Lazer","","$14.07",""
"","25 November 2015","COOP CAPUAVA","Alimentação","","$57.42",""
"","25 November 2015","NETFLIX.COM","Lazer","","$19.90",""
"","25 November 2015","bateria controle","Equipamentos","","$26.00",""
"","25 November 2015","AUTO P POLO PETROQUIMIC","Transporte","","$50.00",""
"","25 November 2015","net Flux","Lazer","","$17.00",""
"","25 November 2015","RAJ K716 (1/3)","Roupa","","$44.99",""
"","25 November 2015","FIESCOT","Roupa","","$99.90",""
"","25 November 2015","ICE MELLO SORVETE","Lazer","","$19.70",""
"","25 November 2015","mercado mês","Alimentação","","$334.00",""
"","25 November 2015","11-11 mercado","Alimentação","","$71.00",""
"","25 November 2015","CARREFOUR PSO 409","Transporte","","$118.79",""
"","25 November 2015","SACOLAO SAUDE ST","Alimentação","","$82.45",""
"","25 November 2015","NIVALMIX vivo","Alimentação","","$12.00",""
"","25 November 2015","anticoncepcional","Saúde","","$23.00",""
"","25 November 2015","PIC","investimento","","$82.00",""
"","25 November 2015","wallmart","Alimentação","","$39.00",""
"","25 November 2015","previsão alimentação 2.0","Alimentação","","$100.00",""
"","25 November 2015","Transporte abendi","investimento","","$21.00",""
"","24 November 2015","Taxi","investimento","","$13.00",""
"","23 November 2015","Seguro corolla (4/4)","Corolla","","$577.00",""
"","23 November 2015","Saque","Pagamentos","","$70.00",""
"","22 November 2015","Vivo","telefonia","","$80.00",""
"","21 November 2015","luz","Moradia","","$116.00",""
"","16 November 2015","vigia","Moradia","","$45.00",""
"","15 November 2015","convênio","Saúde","","$228.00",""
"","15 November 2015","kung fu","Educação","","$120.00",""
"","10 November 2015","banco","Pagamentos","","$48.00",""
"","08 November 2015","Claro fixo","telefonia","","$22.00",""
"","05 November 2015","inglês","Educação","","$100.00",""
"","02 November 2015","Feira 23-10","Alimentação","","$87.00",""
"","02 November 2015","Gasolina 24-10","Transporte","","$74.00",""
"","02 November 2015","Gasolina 17-10","Transporte","","$106.00",""
"","30 October 2015","conta água","Moradia","","$58.00",""
"","27 October 2015","Cabelo","beleza","","$30.00",""
"","27 October 2015","mafre","seguros","","$260.00",""
"","25 October 2015","aparelho de pressão  (2/4)","Equipamentos","","$31.50",""
"","25 October 2015","mercado","Alimentação","","$10.00",""
"","25 October 2015","vacina","PET","","$95.00",""
"","25 October 2015","manutenção corolla 190k (2/4)","Corolla","","$193.75",""
"","25 October 2015","17-09 mercado","Alimentação","","$46.00",""
"","25 October 2015","compra mês complemento","Alimentação","","$96.00",""
"","25 October 2015","net Flux","Lazer","","$17.00",""
"","25 October 2015","07-09 vet puka (2/2)","PET","","$107.00",""
"","25 October 2015","10-10 farmácia","Saúde","","$19.00",""
"","25 October 2015","10-10 walmart leite","Alimentação","","$43.00",""
"","25 October 2015","08-10 gasolina","Transporte","","$101.00",""
"","25 October 2015","06-10 passagem RJ (1/4)","Educação","","$60.00",""
"","25 October 2015","06-10 taxa azul","Educação","","$50.00",""
"","25 October 2015","04-10 fraldas (1/3)","PET","","$25.66",""
"","25 October 2015","Tim","telefonia","","$70.00",""
"","25 October 2015","10-10 feira","Alimentação","","$81.00",""
"","25 October 2015","11-10 mercado","Alimentação","","$15.00",""
"","25 October 2015","cortina da sala  (7/10)","beleza","","$78.00",""
"","25 October 2015","secador (4/6)","Equipamentos","","$37.33",""
"","25 October 2015","18-09 mercado","Alimentação","","$49.00",""
"","25 October 2015","esfirra","fast food","","$24.00",""
"","25 October 2015","mercado mês","Alimentação","","$330.00",""
"","25 October 2015","19-02 extra lençol e fonte (8/8)","Roupa","","$52.00",""
"","25 October 2015","feira","Alimentação","","$115.00",""
"","25 October 2015","coop misto quente","Lazer","","$32.00",""
"","25 October 2015","temaki","Lazer","","$55.00",""
"","25 October 2015","champanhe","Lazer","","$37.00",""
"","25 October 2015","anuidade visa (1/3)","Pagamentos","","$61.33",""
"","25 October 2015","feira","Alimentação","","$20.00",""
"","25 October 2015","02-10 mercado","Alimentação","","$29.00",""
"","25 October 2015","20-09 wallmart","Alimentação","","$56.00",""
"","25 October 2015","26-09 cooperativa","Alimentação","","$23.00",""
"","25 October 2015","27-09 cooperativa","Alimentação","","$44.00",""
"","25 October 2015","28-09 cooperativa","Alimentação","","$21.00",""
"","25 October 2015","17-09 Gasolina","Transporte","","$98.00",""
"","25 October 2015","28-09 gasolina","Transporte","","$96.00",""
"","25 October 2015","frango","Alimentação","","$20.00",""
"","25 October 2015","PIC","investimento","","$82.00",""
"","25 October 2015","08-04 guitarra (7/8)","Equipamentos","","$54.00",""
"","25 October 2015","19-07 fralda puka (3/3)","PET","","$30.00",""
"","25 October 2015","18-07 tênis (3/5)","Roupa","","$52.00",""
"","25 October 2015","uol aline (3/4)","Pagamentos","","$30.50",""
"","25 October 2015","remédio Aline  (2/3)","Saúde","","$25.00",""
"","25 October 2015","escada e mangueira  (1/2)","Equipamentos","","$93.50",""
"","23 October 2015","Seguro corolla (3/4)","Corolla","","$577.00",""
"","22 October 2015","BCO24H","Pagamentos","","$50.00",""
"","21 October 2015","luz","Moradia","","$171.00",""
"","17 October 2015","Torneira tanque","Equipamentos","","$50.00",""
"","17 October 2015","Empréstimo autêntica  (3/20)","Pagamentos","","$200.00",""
"","16 October 2015","POSTO SAT","Transporte","","$20.00",""
"","16 October 2015","16-10 almoço ferraz","Lazer","","$19.00",""
"","16 October 2015","vigia","Moradia","","$45.00",""
"","15 October 2015","convênio","Saúde","","$228.00",""
"","15 October 2015","kung fu","Educação","","$120.00",""
"","14 October 2015","Mercado","Alimentação","","$14.00",""
"","13 October 2015","13-10 gasolina","Transporte","","$73.00",""
"","10 October 2015","banco","Pagamentos","","$45.00",""
"","08 October 2015","Claro fixo","telefonia","","$32.00",""
"","07 October 2015","07-10 almoço ferraz","Lazer","","$16.00",""
"","05 October 2015","inglês","Educação","","$100.00",""
"","04 October 2015","Ônibus Aline","Pagamentos","","$20.00",""
"","04 October 2015","feira","Alimentação","","$115.00",""
"","03 October 2015","Torneira","Equipamentos","","$18.00",""
"","03 October 2015","curso Erick (3/12)","Educação","","$190.00",""
"","03 October 2015","01-10 gasolina","Transporte","","$108.00",""
"","01 October 2015","01-10 almoço ferraz","Lazer","","$13.00",""
"","01 October 2015","01-10 saque","Pagamentos","","$45.00",""
"","30 September 2015","conta água","Moradia","","$55.00",""
"","29 September 2015","Saque","Pagamentos","","$60.00",""
"","28 September 2015","churros","fast food","","$18.00",""
"","27 September 2015","Cabelo","beleza","","$30.00",""
"","27 September 2015","mafre","seguros","","$260.00",""
"","25 September 2015","Tim","telefonia","","$70.00",""
"","25 September 2015","19-02 extra lençol e fonte (7/8)","Roupa","","$52.00",""
"","25 September 2015","cortina da sala  (6/10)","beleza","","$78.00",""
"","25 September 2015","08-04 guitarra (6/8)","Equipamentos","","$54.00",""
"","25 September 2015","óculos  (4/4)","Saúde","","$52.50",""
"","25 September 2015","suspensão corolla (3/3)","Corolla","","$166.66",""
"","25 September 2015","secador (3/6)","Equipamentos","","$37.33",""
"","25 September 2015","uol aline (2/4)","Pagamentos","","$30.50",""
"","25 September 2015","18-07 tênis (2/5)","Roupa","","$52.00",""
"","25 September 2015","19-07 fralda puka (2/3)","PET","","$30.00",""
"","25 September 2015","15-08 feira","Alimentação","","$140.00",""
"","25 September 2015","16-08 gasolina","Transporte","","$95.00",""
"","25 September 2015","22-08 Gasolina","Transporte","","$100.00",""
"","25 September 2015","22-08 compra","Alimentação","","$280.00",""
"","25 September 2015","22-08 feira","Alimentação","","$140.00",""
"","25 September 2015","20-08 coop","Alimentação","","$50.00",""
"","25 September 2015","24-08 mercado","Alimentação","","$14.00",""
"","25 September 2015","vacina","PET","","$127.00",""
"","25 September 2015","29-08 Gasolina","Transporte","","$99.00",""
"","25 September 2015","29-08 pastel","Alimentação","","$20.00",""
"","25 September 2015","29-08 feira","Alimentação","","$140.00",""
"","25 September 2015","26-08 aline","beleza","","$35.00",""
"","25 September 2015","almoço reunião","Lazer","","$23.00",""
"","25 September 2015","29-08 remédios","Saúde","","$49.00",""
"","25 September 2015","PIC","investimento","","$82.00",""
"","25 September 2015","net Flux","Lazer","","$17.00",""
"","25 September 2015","aparelho de pressão  (1/4)","Equipamentos","","$31.50",""
"","25 September 2015","filtro Europa","Equipamentos","","$120.00",""
"","25 September 2015","29-08 doces","fast food","","$13.00",""
"","25 September 2015","doces","Lazer","","$24.00",""
"","25 September 2015","padaria","Alimentação","","$14.00",""
"","25 September 2015","mercado","Alimentação","","$23.00",""
"","25 September 2015","05-09 feira","Alimentação","","$96.00",""
"","25 September 2015","07-09 vet puka (1/2)","PET","","$107.00",""
"","25 September 2015","08-09 coop puka","PET","","$50.00",""
"","25 September 2015","08-09 gasolina","Transporte","","$90.00",""
"","25 September 2015","10-09 óculos Aline","Saúde","","$25.00",""
"","25 September 2015","12-09 feira","Alimentação","","$75.00",""
"","25 September 2015","cortina","Equipamentos","","$18.00",""
"","25 September 2015","remédio Aline  (1/3)","Saúde","","$25.00",""
"","25 September 2015","tapete cão","PET","","$60.00",""
"","25 September 2015","manutenção corolla 190k (1/4)","Corolla","","$193.75",""
"","24 September 2015","Poupa tempo","Pagamentos","","$33.00",""
"","23 September 2015","Seguro corolla (2/4)","Corolla","","$577.00",""
"","23 September 2015","Lavagem carro","Corolla","","$10.00",""
"","21 September 2015","21-09 saque","Pagamentos","","$40.00",""
"","21 September 2015","luz","Moradia","","$112.00",""
"","17 September 2015","Empréstimo autêntica  (2/20)","Pagamentos","","$200.00",""
"","16 September 2015","vigia","Moradia","","$45.00",""
"","15 September 2015","convênio","Saúde","","$228.00",""
"","15 September 2015","tim aline","telefonia","","$20.00",""
"","15 September 2015","kung fu","Educação","","$120.00",""
"","10 September 2015","banco","Pagamentos","","$45.00",""
"","08 September 2015","uol aline fechamento","Pagamentos","","$45.00",""
"","08 September 2015","Claro fixo","telefonia","","$32.00",""
"","06 September 2015","Pastel","fast food","","$22.00",""
"","05 September 2015","inglês","Educação","","$100.00",""
"","03 September 2015","curso Erick (2/12)","Educação","","$300.00",""
"","01 September 2015","Saque","Pagamentos","","$48.00",""
"","01 September 2015","Lavagem carro","Corolla","","$30.00",""
"","01 September 2015","Deficit mês anterior","Pagamentos","","$490.00",""
"","30 August 2015","conta água","Moradia","","$62.00",""
"","27 August 2015","Cabelo","beleza","","$30.00",""
"","27 August 2015","mafre","seguros","","$260.00",""
"","26 August 2015","exame faixa","Educação","","$80.00",""
"","26 August 2015","almoço Ferraz","Lazer","","$15.00",""
"","25 August 2015","Tim","telefonia","","$70.00",""
"","25 August 2015","PIC","investimento","","$82.00",""
"","25 August 2015","net Flux","Lazer","","$17.00",""
"","25 August 2015","19-02 extra lençol e fonte (6/8)","Roupa","","$52.00",""
"","25 August 2015","cortina da sala  (5/10)","beleza","","$78.00",""
"","25 August 2015","02-04 bateria (5/5)","Corolla","","$65.00",""
"","25 August 2015","08-04 guitarra (5/8)","Equipamentos","","$54.00",""
"","25 August 2015","óculos  (3/4)","Saúde","","$52.50",""
"","25 August 2015","26-05 ração (3/3)","PET","","$83.33",""
"","25 August 2015","26-05 mat festa (3/3)","Lazer","","$45.00",""
"","25 August 2015","suspensão corolla (2/3)","Corolla","","$166.66",""
"","25 August 2015","secador (2/6)","Equipamentos","","$37.33",""
"","25 August 2015","uol aline (1/4)","Pagamentos","","$30.50",""
"","25 August 2015","15-07 mercado","Alimentação","","$20.00",""
"","25 August 2015","17-07 mercado","Alimentação","","$50.00",""
"","25 August 2015","18-07 mercado","Alimentação","","$250.00",""
"","25 August 2015","18-07 gasolina","Transporte","","$103.00",""
"","25 August 2015","18-07 mercado seta","Alimentação","","$42.00",""
"","25 August 2015","18-07 tênis (1/5)","Roupa","","$52.00",""
"","25 August 2015","19-07 feira","Alimentação","","$136.00",""
"","25 August 2015","19-07 frango","Alimentação","","$65.00",""
"","25 August 2015","19-07 fralda puka (1/3)","PET","","$30.00",""
"","25 August 2015","20-07 MC","Lazer","","$22.00",""
"","25 August 2015","21-07 shopp tiete","Lazer","","$42.00",""
"","25 August 2015","mineira","Lazer","","$49.00",""
"","25 August 2015","posto","Lazer","","$25.00",""
"","25 August 2015","22-07 mercado","Alimentação","","$8.00",""
"","25 August 2015","25-07 lareira","Lazer","","$37.00",""
"","25 August 2015","26-07 gasolina","Transporte","","$92.00",""
"","25 August 2015","26-07 feira","Alimentação","","$85.00",""
"","25 August 2015","feira","Alimentação","","$100.00",""
"","25 August 2015","açougue","Alimentação","","$46.00",""
"","25 August 2015","31-07 mercado","Alimentação","","$47.00",""
"","25 August 2015","05-08 carrefour","Alimentação","","$56.00",""
"","25 August 2015","05-08 pomada puka","PET","","$47.00",""
"","25 August 2015","05-08 gasolina","Transporte","","$103.00",""
"","25 August 2015","02-08 gas","Moradia","","$53.00",""
"","25 August 2015","03-08 coop + são judas","Alimentação","","$30.00",""
"","25 August 2015","07-08 mercado","Alimentação","","$11.00",""
"","25 August 2015","07-08 açai","Lazer","","$20.00",""
"","25 August 2015","08-08 feira","Alimentação","","$110.00",""
"","25 August 2015","08-08 farmácia","Saúde","","$80.00",""
"","25 August 2015","10-08 gasolina","Transporte","","$90.00",""
"","23 August 2015","Seguro corolla (1/4)","Corolla","","$577.00",""
"","22 August 2015","Saque","Pagamentos","","$40.00",""
"","22 August 2015","Tapioca","fast food","","$21.00",""
"","22 August 2015","Vivo","telefonia","","$80.00",""
"","21 August 2015","luz","Moradia","","$120.00",""
"","19 August 2015","Ducha","Corolla","","$10.50",""
"","18 August 2015","açai","fast food","","$14.00",""
"","18 August 2015","Pão final de semana","Alimentação","","$8.00",""
"","16 August 2015","vigia","Moradia","","$45.00",""
"","15 August 2015","convênio","Saúde","","$228.00",""
"","15 August 2015","Items cozinha","Alimentação","","$35.00",""
"","15 August 2015","kung fu","Educação","","$120.00",""
"","12 August 2015","12-08 podóloga","Saúde","","$75.00",""
"","11 August 2015","11-08 saque","Pagamentos","","$20.00",""
"","10 August 2015","banco","Pagamentos","","$45.00",""
"","08 August 2015","08-08 pia","Equipamentos","","$45.00",""
"","08 August 2015","Claro fixo","telefonia","","$32.00",""
"","07 August 2015","03-08 mercado","Alimentação","","$9.00",""
"","07 August 2015","07-08 café","Alimentação","","$15.00",""
"","05 August 2015","inglês","Educação","","$100.00",""
"","05 August 2015","05-08 almoço ferraz","Lazer","","$14.00",""
"","03 August 2015","curso Erick (1/12)","Educação","","$300.00",""
"","03 August 2015","Deficit mês anterior","Pagamentos","","$250.00",""
"","01 August 2015","31-07 gasolina","Transporte","","$95.00",""
"","30 July 2015","conta água","Moradia","","$62.00",""
"","30 July 2015","luz","Moradia","","$104.00",""
"","30 July 2015","tim aline","telefonia","","$20.00",""
"","29 July 2015","onibus aline","Pagamentos","","$20.00",""
"","29 July 2015","saque","Pagamentos","","$48.00",""
"","27 July 2015","13-07 farmácia","Saúde","","$11.00",""
"","27 July 2015","11-09 feira","Alimentação","","$76.00",""
"","27 July 2015","secador (1/6)","Equipamentos","","$37.33",""
"","27 July 2015","almoço Ferraz","Lazer","","$11.00",""
"","27 July 2015","aline SP","fast food","","$44.00",""
"","27 July 2015","07-07 gasolina","Transporte","","$173.00",""
"","27 July 2015","chá de bebê","presentes","","$45.00",""
"","27 July 2015","04-07 feira","Alimentação","","$138.00",""
"","27 July 2015","banho e tosa","PET","","$55.00",""
"","27 July 2015","30-06 - almoço corseg","Lazer","","$22.00",""
"","27 July 2015","28-06 gasolina","Transporte","","$158.00",""
"","27 July 2015","26-06 mercado","Alimentação","","$12.00",""
"","27 July 2015","26-06 açougue","Alimentação","","$20.00",""
"","27 July 2015","29-06 walmart","Alimentação","","$85.00",""
"","27 July 2015","24-06 almoço ferraz","Lazer","","$18.00",""
"","27 July 2015","27-06 feira","Alimentação","","$103.00",""
"","27 July 2015","24-06 farmácia","Saúde","","$57.00",""
"","27 July 2015","20-06 gasolina","Transporte","","$144.00",""
"","27 July 2015","22-06 farmácia","Saúde","","$32.00",""
"","27 July 2015","20-06 frango","Alimentação","","$35.00",""
"","27 July 2015","20-06 feira","Alimentação","","$72.00",""
"","27 July 2015","20-06 churrasco anderson","Lazer","","$31.00",""
"","27 July 2015","17-03 farmácia","Saúde","","$65.00",""
"","27 July 2015","suspensão corolla (1/3)","Corolla","","$166.66",""
"","27 July 2015","16-06 compras","Alimentação","","$566.00",""
"","27 July 2015","05-06 amortecedor corolla (2/2)","Corolla","","$65.00",""
"","27 July 2015","05-06 peça kombi (2/2)","Pagamentos","","$47.50",""
"","27 July 2015","01-06 war thunder (2/2)","Steam","","$27.50",""
"","27 July 2015","26-05 mat festa (2/3)","Lazer","","$45.00",""
"","27 July 2015","26-05 ração (2/3)","PET","","$83.33",""
"","27 July 2015","óculos  (2/4)","Saúde","","$52.50",""
"","27 July 2015","14-04 copafer (3/3)","Equipamentos","","$33.33",""
"","27 July 2015","tênis Aline  (3/3)","Roupa","","$36.67",""
"","27 July 2015","02-04 bateria (4/5)","Corolla","","$65.00",""
"","27 July 2015","08-04 guitarra (4/8)","Equipamentos","","$54.00",""
"","27 July 2015","cortina da sala  (4/10)","beleza","","$78.00",""
"","27 July 2015","19-02 extra lençol e fonte (5/8)","Roupa","","$52.00",""
"","27 July 2015","net Flux","Lazer","","$17.00",""
"","27 July 2015","PIC","investimento","","$82.00",""
"","27 July 2015","Tim","telefonia","","$70.00",""
"","27 July 2015","Cabelo","beleza","","$30.00",""
"","24 July 2015","mercado","Alimentação","","$16.00",""
"","23 July 2015","cds","Equipamentos","","$29.00",""
"","22 July 2015","almoço Ferraz","Lazer","","$13.00",""
"","22 July 2015","Vivo","telefonia","","$80.00",""
"","21 July 2015","almoço Ferraz","Lazer","","$23.00",""
"","20 July 2015","20-07 saque","Pagamentos","","$70.00",""
"","17 July 2015","mercado","Alimentação","","$17.00",""
"","16 July 2015","vigia","Moradia","","$45.00",""
"","15 July 2015","kung fu","Educação","","$120.00",""
"","15 July 2015","convênio","Saúde","","$228.00",""
"","15 July 2015","almoço Ferraz","Lazer","","$13.00",""
"","10 July 2015","banco","Pagamentos","","$45.00",""
"","09 July 2015","almoço Ferraz","Lazer","","$15.00",""
"","09 July 2015","Saque","Pagamentos","","$80.00",""
"","08 July 2015","Claro fixo","telefonia","","$32.00",""
"","06 July 2015","Banco Aline","Pagamentos","","$50.00",""
"","05 July 2015","inglês","Educação","","$100.00",""
"","01 July 2015","defict mes anterior","Pagamentos","","$766.00",""
"","30 June 2015","tim aline","telefonia","","$18.00",""
"","30 June 2015","conta água","Moradia","","$50.00",""
"","30 June 2015","luz","Moradia","","$90.00",""
"","27 June 2015","Cabelo","beleza","","$30.00",""
"","27 June 2015","mafre","seguros","","$240.00",""
"","25 June 2015","presente Jonas","presentes","","$45.00",""
"","25 June 2015","13-03 gasolina","Transporte","","$155.00",""
"","25 June 2015","13-06 feira","Alimentação","","$159.00",""
"","25 June 2015","05-06 amortecedor corolla (1/2)","Corolla","","$65.00",""
"","25 June 2015","03-06 camarão aline","Lazer","","$58.00",""
"","25 June 2015","03-06 girassol","presentes","","$25.00",""
"","25 June 2015","06-06 mercado festa","Lazer","","$21.00",""
"","25 June 2015","05-06 peça kombi (1/2)","Pagamentos","","$47.50",""
"","25 June 2015","07-06 gasolina","Transporte","","$163.00",""
"","25 June 2015","31-05 gasolina","Transporte","","$115.00",""
"","25 June 2015","25-05 gasolina","Transporte","","$140.00",""
"","25 June 2015","01-06 passagem mi","Pagamentos","","$50.00",""
"","25 June 2015","01-06 war thunder (1/2)","Steam","","$27.50",""
"","25 June 2015","23-05 feira","Alimentação","","$72.00",""
"","25 June 2015","23-05 pastel","fast food","","$11.00",""
"","25 June 2015","22-05 mat festa","Lazer","","$151.00",""
"","25 June 2015","22-05 coop","Alimentação","","$27.00",""
"","25 June 2015","26-05 mat festa (1/3)","Lazer","","$45.00",""
"","25 June 2015","26-05 mat festa 2","Lazer","","$111.00",""
"","25 June 2015","24-05 coop","Alimentação","","$15.00",""
"","25 June 2015","27-05 mercado","Alimentação","","$30.00",""
"","25 June 2015","26-05 ração (1/3)","PET","","$83.33",""
"","25 June 2015","30-05 feira","Alimentação","","$95.00",""
"","25 June 2015","31-05 mat. festa","Lazer","","$163.00",""
"","25 June 2015","20-05 noemi","Equipamentos","","$26.00",""
"","25 June 2015","18-05 pizza","fast food","","$25.00",""
"","25 June 2015","19-05 gas","Moradia","","$58.00",""
"","25 June 2015","19-05 açougue","Alimentação","","$76.00",""
"","25 June 2015","13-05 hitamax","Alimentação","","$40.00",""
"","25 June 2015","14-05 hitamax","Alimentação","","$15.00",""
"","25 June 2015","15-05 coop","Alimentação","","$70.00",""
"","25 June 2015","17-05 gasolina","Transporte","","$161.00",""
"","25 June 2015","16-05 feira","Alimentação","","$81.00",""
"","25 June 2015","óculos  (1/4)","Saúde","","$52.50",""
"","25 June 2015","14-04 copafer (2/3)","Equipamentos","","$33.33",""
"","25 June 2015","08-04 guitarra (3/8)","Equipamentos","","$54.00",""
"","25 June 2015","tênis Aline  (2/3)","Roupa","","$36.67",""
"","25 June 2015","02-04 bateria (3/5)","Corolla","","$65.00",""
"","25 June 2015","27-03 norma (3/3)","beleza","","$150.00",""
"","25 June 2015","cortina da sala  (3/10)","beleza","","$78.00",""
"","25 June 2015","19-02 extra lençol e fonte (4/8)","Roupa","","$52.00",""
"","25 June 2015","17-12 joías auth (4/4)","investimento","","$137.00",""
"","25 June 2015","15-12 sapatos mundial (4/4)","Roupa","","$40.00",""
"","25 June 2015","catho (6/6)","investimento","","$36.00",""
"","25 June 2015","net Flux","Lazer","","$17.00",""
"","25 June 2015","PIC","investimento","","$82.00",""
"","25 June 2015","Tim","telefonia","","$70.00",""
"","25 June 2015","saque","Pagamentos","","$80.00",""
"","22 June 2015","corolla 3-3","Corolla","","$287.00",""
"","22 June 2015","Vivo","telefonia","","$80.00",""
"","16 June 2015","vigia","Moradia","","$45.00",""
"","16 June 2015","Ônibus Aline","Pagamentos","","$20.00",""
"","16 June 2015","Saque","Pagamentos","","$60.00",""
"","16 June 2015","Farmácia","Saúde","","$21.00",""
"","16 June 2015","Mercado","Alimentação","","$46.00",""
"","16 June 2015","almoço Ferraz","Lazer","","$17.00",""
"","15 June 2015","convênio","Saúde","","$228.00",""
"","15 June 2015","kung fu","Educação","","$120.00",""
"","10 June 2015","banco","Pagamentos","","$45.00",""
"","08 June 2015","Claro fixo","telefonia","","$21.00",""
"","06 June 2015","complemento festa","Lazer","","$11.00",""
"","05 June 2015","inglês","Educação","","$300.00",""
"","03 June 2015","03-06-almoço Ferraz","Lazer","","$21.00",""
"","02 June 2015","Farmácia","Saúde","","$22.00",""
"","01 June 2015","Deficit mês anterior","Pagamentos","","$470.00",""
"","01 June 2015","farmácia","Saúde","","$25.00",""
"","01 June 2015","29-05 saque","Pagamentos","","$90.00",""
"","30 May 2015","conta água","Moradia","","$50.00",""
"","27 May 2015","Cabelo","beleza","","$30.00",""
"","27 May 2015","mafre","seguros","","$240.00",""
"","26 May 2015","Ônibus Aline","Lazer","","$20.00",""
"","25 May 2015","09-05 gasolina","Transporte","","$166.00",""
"","25 May 2015","05-05 coop","Alimentação","","$28.00",""
"","25 May 2015","09-05 feira","Alimentação","","$89.00",""
"","25 May 2015","09-05 mercado","Alimentação","","$59.00",""
"","25 May 2015","08-05 sacos de lixo","Equipamentos","","$27.00",""
"","25 May 2015","11-05 bugigangas","Equipamentos","","$17.00",""
"","25 May 2015","11-05 mercados","Alimentação","","$30.00",""
"","25 May 2015","10-05 ração","PET","","$30.00",""
"","25 May 2015","22-04 gasolina","Transporte","","$148.00",""
"","25 May 2015","29-04 coop puka","PET","","$40.00",""
"","25 May 2015","02-05 pastel","fast food","","$11.00",""
"","25 May 2015","02-05 feira","Alimentação","","$86.00",""
"","25 May 2015","30-04 gasolina","Transporte","","$145.00",""
"","25 May 2015","03-05 farmácia","Saúde","","$48.00",""
"","25 May 2015","02-05 frango","Alimentação","","$42.00",""
"","25 May 2015","27-04 MC","fast food","","$27.00",""
"","25 May 2015","17-04 mercado","Alimentação","","$21.00",""
"","25 May 2015","17-04 farmácia","Saúde","","$22.00",""
"","25 May 2015","16-04 açougue","Alimentação","","$32.00",""
"","25 May 2015","25-04 frango","Alimentação","","$13.00",""
"","25 May 2015","26-04 china","fast food","","$35.00",""
"","25 May 2015","25-04 camarao","Alimentação","","$88.00",""
"","25 May 2015","25-04 coop","fast food","","$19.00",""
"","25 May 2015","25-04 pastel","fast food","","$11.00",""
"","25 May 2015","19-04 feira","Alimentação","","$90.00",""
"","25 May 2015","24-04 pizza","fast food","","$24.00",""
"","25 May 2015","25-04 feira","Alimentação","","$103.00",""
"","25 May 2015","18-04 extensão","Equipamentos","","$17.00",""
"","25 May 2015","19-04 feira","Alimentação","","$90.00",""
"","25 May 2015","18-04 mercado","Alimentação","","$405.00",""
"","25 May 2015","15-04 gasolina","Transporte","","$149.00",""
"","25 May 2015","14-04 copafer (1/3)","Equipamentos","","$33.33",""
"","25 May 2015","14-04 mercado","Alimentação","","$26.00",""
"","25 May 2015","14-04 farmácia","Saúde","","$12.00",""
"","25 May 2015","12-04 feira","Alimentação","","$130.00",""
"","25 May 2015","12-04 churras","Lazer","","$44.00",""
"","25 May 2015","11-04 farmácia","Saúde","","$15.00",""
"","25 May 2015","tênis Aline  (1/3)","Roupa","","$36.67",""
"","25 May 2015","banho Puka","PET","","$120.00",""
"","25 May 2015","11-04 china","fast food","","$52.00",""
"","25 May 2015","11-04 tosa puka","PET","","$80.00",""
"","25 May 2015","08-04 guitarra (2/8)","Equipamentos","","$54.00",""
"","25 May 2015","06-04 dragon  age (2/2)","Steam","","$32.50",""
"","25 May 2015","02-04 bateria (2/5)","Corolla","","$65.00",""
"","25 May 2015","18-03 farmácia aline (2/2)","Saúde","","$40.00",""
"","25 May 2015","cortina da sala  (2/10)","beleza","","$78.00",""
"","25 May 2015","27-03 norma (2/3)","beleza","","$150.00",""
"","25 May 2015","19-02 extra lençol e fonte (3/8)","Roupa","","$52.00",""
"","25 May 2015","15-12 sapatos mundial (3/4)","Roupa","","$40.00",""
"","25 May 2015","31-01 c&c (3/3)","Moradia","","$113.66",""
"","25 May 2015","17-12 joías auth (3/4)","investimento","","$137.00",""
"","25 May 2015","catho (5/6)","investimento","","$36.00",""
"","25 May 2015","net Flux","Lazer","","$17.00",""
"","25 May 2015","PIC","investimento","","$82.00",""
"","25 May 2015","Tim","telefonia","","$70.00",""
"","22 May 2015","Vivo","telefonia","","$70.00",""
"","21 May 2015","luz","Moradia","","$100.00",""
"","20 May 2015","corolla 2-3","Corolla","","$287.00",""
"","17 May 2015","17-05 saque","Pagamentos","","$40.00",""
"","16 May 2015","vigia","Moradia","","$45.00",""
"","15 May 2015","convênio","Saúde","","$228.00",""
"","15 May 2015","kung fu","Educação","","$120.00",""
"","10 May 2015","banco","Pagamentos","","$45.00",""
"","08 May 2015","Claro fixo","telefonia","","$32.00",""
"","05 May 2015","inglês","Educação","","$300.00",""
"","01 May 2015","defict mes anterior","Pagamentos","","$230.00",""
"","30 April 2015","conta água","Moradia","","$50.00",""
"","30 April 2015","luz","Moradia","","$100.00",""
"","29 April 2015","saque","Pagamentos","","$40.00",""
"","29 April 2015","exame faixa","Lazer","","$75.00",""
"","28 April 2015","10-04 perfumaria","beleza","","$15.00",""
"","28 April 2015","10-04 cortina","Equipamentos","","$10.00",""
"","28 April 2015","06-04 aline osasco","fast food","","$25.00",""
"","28 April 2015","05-04 fralda","PET","","$14.00",""
"","28 April 2015","08-04 guitarra (1/8)","Equipamentos","","$54.00",""
"","28 April 2015","08-04 gasolina","Transporte","","$135.00",""
"","28 April 2015","07-04 pizza","fast food","","$24.00",""
"","28 April 2015","06-04 dragon  age (1/2)","Steam","","$32.50",""
"","28 April 2015","01-04 mercado","Alimentação","","$20.00",""
"","28 April 2015","05-04 feira + frango","Alimentação","","$60.00",""
"","28 April 2015","04-04 walmart","Alimentação","","$60.00",""
"","28 April 2015","04-04 chuveiro","Equipamentos","","$30.00",""
"","28 April 2015","02-04 bateria (1/5)","Corolla","","$65.00",""
"","28 April 2015","04-04 feira","Alimentação","","$140.00",""
"","28 April 2015","04-04 ovo lucas","presentes","","$34.00",""
"","28 April 2015","24-03 coop","Alimentação","","$26.00",""
"","28 April 2015","27-03 sao judas","Alimentação","","$35.00",""
"","28 April 2015","24-03 presente gabi","presentes","","$60.00",""
"","28 April 2015","24-03 batom","beleza","","$90.00",""
"","28 April 2015","31-03 gasolina","Transporte","","$162.00",""
"","28 April 2015","25-03 gasolina","Transporte","","$139.00",""
"","28 April 2015","21-03 frango","Alimentação","","$22.00",""
"","28 April 2015","21-03 feira","Alimentação","","$123.00",""
"","28 April 2015","21-03 pastel","fast food","","$25.00",""
"","28 April 2015","18-03 farmácia aline (1/2)","Saúde","","$40.00",""
"","28 April 2015","18-03 gasolina","Transporte","","$138.00",""
"","28 April 2015","18-03 brinquedos","presentes","","$94.00",""
"","28 April 2015","20-03 farmácia erick","Saúde","","$84.00",""
"","28 April 2015","14-03 feira","Alimentação","","$104.00",""
"","28 April 2015","14-03 coop","Alimentação","","$35.00",""
"","28 April 2015","cortina da sala  (1/10)","beleza","","$78.00",""
"","28 April 2015","almoço Ferraz","Lazer","","$80.00",""
"","28 April 2015","café","fast food","","$19.00",""
"","28 April 2015","consulta veterinário","PET","","$75.00",""
"","28 April 2015","cooperativa","Alimentação","","$30.00",""
"","28 April 2015","27-03 norma (1/3)","beleza","","$150.00",""
"","28 April 2015","09-03 claro fixo (2/2)","telefonia","","$30.00",""
"","28 April 2015","19-02 extra lençol e fonte (2/8)","Roupa","","$52.00",""
"","28 April 2015","17-12 joías auth (2/4)","investimento","","$137.00",""
"","28 April 2015","15-12 sapatos mundial (2/4)","Roupa","","$40.00",""
"","28 April 2015","31-01 c&c (2/3)","Moradia","","$113.66",""
"","28 April 2015","catho (4/6)","investimento","","$36.00",""
"","28 April 2015","net Flux","Lazer","","$17.00",""
"","28 April 2015","PIC","investimento","","$82.00",""
"","28 April 2015","Tim","telefonia","","$70.00",""
"","28 April 2015","saque","Pagamentos","","$45.00",""
"","28 April 2015","corolla 1-3","Corolla","","$300.00",""
"","27 April 2015","mafre","seguros","","$240.00",""
"","27 April 2015","Cabelo","beleza","","$30.00",""
"","25 April 2015","Fatura passada","Fatura C.Crédito","","$0.99","                                                                        Credit Card"
"","20 April 2015","wallmart","Equipamentos","","$60.00",""
"","19 April 2015","Tapioca","fast food","","$25.00",""
"","16 April 2015","vigia","Moradia","","$45.00",""
"","15 April 2015","kung fu","Educação","","$120.00",""
"","15 April 2015","convênio","Saúde","","$228.00",""
"","13 April 2015","Saque","Pagamentos","","$110.00",""
"","12 April 2015","Vivo","telefonia","","$60.00",""
"","11 April 2015","11-04 egito","Lazer","","$31.00",""
"","11 April 2015","Farmácia","Saúde","","$15.00",""
"","10 April 2015","10-04 bolo","fast food","","$50.00",""
"","10 April 2015","banco","Pagamentos","","$41.00",""
"","06 April 2015","04-04 pastel","fast food","","$0.00",""
"","05 April 2015","inglês","Educação","","$300.00",""
"","02 April 2015","maquiagem","beleza","","$90.00",""
"","01 April 2015","Ovos Páscoa","presentes","","$40.00",""
"","01 April 2015","15-03 Tapioca","fast food","","$20.00",""
"","01 April 2015","25-03 almoço","Lazer","","$20.00",""
"","01 April 2015","29-03 feira","Alimentação","","$110.00",""
"","01 April 2015","26-03 costureira","Roupa","","$40.00",""
"","01 April 2015","25-03 cabelo","beleza","","$30.00",""
"","01 April 2015","17-03 bus aline","Lazer","","$20.00",""
"","01 April 2015","01-04 bus aline","Transporte","","$20.00",""
"","01 April 2015","28-03 pizza","fast food","","$30.00",""
"","01 April 2015","20-03 bolo","Alimentação","","$20.00",""
"","01 April 2015","25-03 saque","Pagamentos","","$95.00",""
"","01 April 2015","05-04 bus aline","Pagamentos","","$20.00",""
"","01 April 2015","defict mes anterior","Pagamentos","","$230.00",""
"","01 April 2015","29-03 saque","Pagamentos","","$70.00",""
"","30 March 2015","conta água","Moradia","","$44.00",""
"","25 March 2015","Pagamento parcial-Visa","Pagamentos","","$4,077.00",""
"","16 March 2015","vigia","Moradia","","$45.00",""
"","15 March 2015","convênio","Saúde","","$228.00",""
"","15 March 2015","kung fu","Educação","","$120.00",""
"","12 March 2015","luz","Moradia","","$60.00",""
"","12 March 2015","Vivo","telefonia","","$49.00",""
"","11 March 2015","licenciamento 2015","Corolla","","$84.00",""
"","10 March 2015","banco","Pagamentos","","$41.00",""
"","10 March 2015","10-03 sabão gel","Roupa","","$18.00",""
"","10 March 2015","saque","Pagamentos","","$90.00",""
"","10 March 2015","10-03 tapioca","fast food","","$22.00",""
"","07 March 2015","Saque","Pagamentos","","$230.00",""
"","07 March 2015","Costureira","Roupa","","$50.00",""
"","05 March 2015","inglês","Educação","","$300.00",""
"","02 March 2015","limpeza tapete","Moradia","","$75.00",""
"","27 February 2015","mafre","seguros","","$240.00",""
"","27 February 2015","27-02 cabeleireiro","beleza","","$30.00",""
"","27 February 2015","27-02 saque","Pagamentos","","$180.00",""
"","26 February 2015","25-02 guitarra","Equipamentos","","$50.00",""
"","26 February 2015","25-02 saque","Pagamentos","","$250.00",""
"","26 February 2015","08-02 pet  (1/2)","PET","","$55.50",""
"","26 February 2015","08-02 mercado","Alimentação","","$25.00",""
"","26 February 2015","06-02 fraldas","PET","","$76.00",""
"","26 February 2015","08-02 pastel","fast food","","$20.00",""
"","26 February 2015","cabelo Aline","beleza","","$65.00",""
"","26 February 2015","31-01 pizza","fast food","","$28.00",""
"","26 February 2015","01-02 feira","Alimentação","","$111.00",""
"","26 February 2015","28-01 restaurante","fast food","","$21.00",""
"","26 February 2015","30-01 aline & alessandra","fast food","","$50.00",""
"","26 February 2015","30-01 Espetinho","fast food","","$20.00",""
"","26 February 2015","26-01 feira","Alimentação","","$73.00",""
"","26 February 2015","26-01 pastel","Alimentação","","$10.00",""
"","26 February 2015","23-01 coop","Alimentação","","$40.00",""
"","26 February 2015","24-01 mercado","Alimentação","","$8.00",""
"","26 February 2015","23-01 pizza","fast food","","$24.00",""
"","26 February 2015","19-01 garrafa toddy","Equipamentos","","$11.50",""
"","26 February 2015","20-01 VET","PET","","$56.00",""
"","26 February 2015","23-01 gasolina","Transporte","","$148.00",""
"","26 February 2015","18-01 coop","Alimentação","","$30.00",""
"","26 February 2015","18-01 farmácia","Saúde","","$8.00",""
"","26 February 2015","17-01 sacolão","Alimentação","","$164.00",""
"","26 February 2015","17-01 pastel","fast food","","$10.00",""
"","26 February 2015","17-01 açougue","Alimentação","","$23.00",""
"","26 February 2015","18-01 mochila  (1/2)","presentes","","$44.50",""
"","26 February 2015","16-01 gasolina","Transporte","","$151.00",""
"","26 February 2015","16-01 vet  (1/2)","PET","","$51.50",""
"","26 February 2015","net Flux","Lazer","","$17.00",""
"","26 February 2015","catho (2/6)","investimento","","$36.00",""
"","26 February 2015","Roupas Aline (2/3)","Roupa","","$90.00",""
"","26 February 2015","sapatos Aline  (2/3)","Roupa","","$80.00",""
"","26 February 2015","norma  (2/3)","beleza","","$107.33",""
"","26 February 2015","PIC","investimento","","$82.00",""
"","26 February 2015","previsão alimentação","Alimentação","","$300.00",""
"","26 February 2015","Ricardo - Corolla (3/3)","Corolla","","$133.33",""
"","26 February 2015","passagem doni (3/3)","terceiros","","$65.00",""
"","26 February 2015","VET (3/4)","PET","","$140.00",""
"","26 February 2015","controle ru  (3/4)","presentes","","$67.50",""
"","26 February 2015","Extra - GPU (3/4)","Equipamentos","","$128.00",""
"","26 February 2015","Tim","telefonia","","$70.00",""
"","26 February 2015","ajuste perdas","Pagamentos","","$48.00",""
"","19 February 2015","18-02 tim aline","fast food","","$18.00",""
"","16 February 2015","14-02 Saque","Pagamentos","","$35.00",""
"","16 February 2015","vigia","Moradia","","$45.00",""
"","15 February 2015","convênio","Saúde","","$228.00",""
"","15 February 2015","kung fu","Educação","","$120.00",""
"","12 February 2015","Vivo","telefonia","","$25.00",""
"","12 February 2015","luz","Moradia","","$90.00",""
"","11 February 2015","Ajuste seguro corolla","seguros","","$90.00",""
"","10 February 2015","Gás","Moradia","","$20.00",""
"","10 February 2015","sem parar","Transporte","","$30.00",""
"","10 February 2015","banco","Pagamentos","","$41.00",""
"","09 February 2015","09-02 Tim aline","telefonia","","$18.00",""
"","06 February 2015","Almoço","Lazer","","$17.00",""
"","05 February 2015","inglês","Educação","","$300.00",""
"","04 February 2015","Multa Aline","Pagamentos","","$70.00",""
"","04 February 2015","01-02 gás","Alimentação","","$50.00",""
"","27 January 2015","mafre","seguros","","$240.00",""
"","26 January 2015","Estacionamento","Transporte","","$50.00",""
"","26 January 2015","26-01 tim aline","telefonia","","$18.00",""
"","25 January 2015","Tim","telefonia","","$70.00",""
"","25 January 2015","VET (2/4)","PET","","$140.00",""
"","25 January 2015","controle ru  (2/4)","presentes","","$67.50",""
"","25 January 2015","Extra - GPU (2/4)","Equipamentos","","$128.00",""
"","25 January 2015","exames lau (2/2)","terceiros","","$51.50",""
"","25 January 2015","exames aline (2/2)","Saúde","","$86.00",""
"","25 January 2015","passagem doni (2/3)","terceiros","","$65.00",""
"","25 January 2015","Catho (2/2)","investimento","","$40.00",""
"","25 January 2015","markas (2/2)","Roupa","","$80.00",""
"","25 January 2015","Ricardo - Corolla (2/3)","Corolla","","$133.33",""
"","25 January 2015","PIC","investimento","","$82.00",""
"","25 January 2015","Roupas Aline (1/3)","Roupa","","$90.00",""
"","25 January 2015","feira","Alimentação","","$215.00",""
"","25 January 2015","Pizza","fast food","","$25.00",""
"","25 January 2015","consulta puka","PET","","$100.00",""
"","25 January 2015","sapatos Aline  (1/3)","Roupa","","$80.00",""
"","25 January 2015","Gasolina","Transporte","","$150.00",""
"","25 January 2015","Bebedor Puka","PET","","$25.00",""
"","25 January 2015","tapete cão","PET","","$56.00",""
"","25 January 2015","norma  (1/3)","beleza","","$107.33",""
"","25 January 2015","farmácia","Saúde","","$26.00",""
"","25 January 2015","pizza","fast food","","$24.00",""
"","25 January 2015","cooperativa","Alimentação","","$25.00",""
"","25 January 2015","24-12 banho e tosa","PET","","$31.00",""
"","25 January 2015","24-12 compras natal","Alimentação","","$25.00",""
"","25 January 2015","25-12 gasolina","Transporte","","$150.00",""
"","25 January 2015","net Flux","Lazer","","$17.00",""
"","25 January 2015","26-12 pastel","fast food","","$24.00",""
"","25 January 2015","26-12 feira","Alimentação","","$50.00",""
"","25 January 2015","26-12 peixe","Alimentação","","$14.00",""
"","25 January 2015","26-12 vet","PET","","$65.00",""
"","25 January 2015","26-12 farmacia","Saúde","","$83.00",""
"","25 January 2015","30-12 final Fantasy","Steam","","$15.00",""
"","25 January 2015","30-12 ceia","Alimentação","","$193.00",""
"","25 January 2015","02-01 Skype Aline","telefonia","","$35.00",""
"","25 January 2015","30-12 ceia ano novo","Alimentação","","$181.00",""
"","25 January 2015","03-01 gasolina","Transporte","","$162.00",""
"","25 January 2015","04-01 compras","Alimentação","","$402.00",""
"","25 January 2015","05-01 coop","Alimentação","","$18.00",""
"","25 January 2015","05-01 gas mãe","terceiros","","$36.00",""
"","25 January 2015","10-01 gas","Transporte","","$130.00",""
"","25 January 2015","10-01 sacolao","Alimentação","","$195.00",""
"","25 January 2015","10-01 pastel","fast food","","$16.00",""
"","25 January 2015","09-01 pizza","fast food","","$22.00",""
"","25 January 2015","12-01 corrente puka","PET","","$15.00",""
"","25 January 2015","catho (1/6)","investimento","","$36.00",""
"","23 January 2015","almoço","Lazer","","$16.00",""
"","20 January 2015","Azul seguros (3/4)","seguros","","$350.00",""
"","18 January 2015","sobremesa","fast food","","$22.00",""
"","16 January 2015","padaria","fast food","","$16.00",""
"","16 January 2015","almoço","Lazer","","$16.00",""
"","15 January 2015","kung fu","Educação","","$120.00",""
"","15 January 2015","convênio","Saúde","","$228.00",""
"","12 January 2015","luz","Moradia","","$70.00",""
"","12 January 2015","12-01 tim aline","telefonia","","$18.00",""
"","12 January 2015","Vivo","telefonia","","$70.00",""
"","10 January 2015","Gás","Moradia","","$20.00",""
"","10 January 2015","banco","Pagamentos","","$41.00",""
"","10 January 2015","sem parar","Transporte","","$30.00",""
"","05 January 2015","inglês","Educação","","$300.00",""
"","02 January 2015","02-01 Tim aline","telefonia","","$18.00",""